family,method,flag_rate,recall,cost_per_part
altered_correlation,S-new,0.25432900432900435,0.98989898989899,0.2067099567099567
altered_correlation,S-old,0.32196969696969696,0.98989898989899,0.27435064935064934
altered_correlation,A-new,0.08387445887445888,0.9292929292929293,0.07196969696969698
baseline,S-new,0.21526957890594253,0.9423076923076923,0.20031483667847305
baseline,S-old,0.30814639905548996,0.9326923076923077,0.2975206611570248
baseline,A-new,0.0759543486816214,0.9134615384615384,0.0739866194411649
different_noise_regime,S-new,0.40995670995670996,0.9797979797979798,0.37662337662337664
different_noise_regime,S-old,0.4666666666666667,0.98989898989899,0.42857142857142855
different_noise_regime,A-new,0.10346320346320347,0.9292929292929293,0.09393939393939393
higher_defect_prevalence,S-new,0.29329004329004327,0.9338842975206612,0.25757575757575757
higher_defect_prevalence,S-old,0.3625541125541126,0.9008264462809917,0.37445887445887444
higher_defect_prevalence,A-new,0.13744588744588745,0.9090909090909091,0.13744588744588745
wider_drift_exponent,S-new,0.20964749536178107,0.9795918367346939,0.17439703153988867
wider_drift_exponent,S-old,0.3079777365491651,0.9795918367346939,0.2727272727272727
wider_drift_exponent,A-new,0.07884972170686456,0.9387755102040817,0.0640074211502783
