family,parameter,unit,mode,method,n,mae,mae_ci_lo,mae_ci_hi,rel_mae_pct,rel_ci_lo,rel_ci_hi,mae_vs_true_168h,mae_healthy,mae_defective,rel_mae_healthy_pct,rel_mae_defective_pct,coverage,mean_interval_width
altered_correlation,iddq,uA,24h,model,3080,0.846535179683198,0.7371088293842223,0.9636012450981873,4.514244089667617,4.082650000973549,4.94923971735751,0.7581144381499911,0.4179602217908228,11.99700294379535,3.2744681869858154,36.77016801382748,0.8448051948051948,3.3671693471685
altered_correlation,iddq,uA,24h,persistence,3080,0.9471915584415584,0.8186201298701298,1.073390909090909,4.924046260490533,4.560256250291004,5.277638272384913,0.8831253678001534,0.4813014160485502,13.068508771929823,3.6166525250933605,38.93922011301695,,
altered_correlation,iddq,uA,24h,linear,3080,5.0393928571428575,4.274124269480519,5.889597077922078,34.64610309423563,31.016808227824793,38.95922278865838,5.0249882418348895,4.3572892784895485,22.786052631578944,32.9686620361262,78.28899939557378,,
altered_correlation,iddq,uA,24h,fixed_power_law,3080,0.9057932347193263,0.7870498570663286,1.0364509894019651,4.906984986911694,4.4140318786469965,5.488671847007823,0.8292908989627644,0.4827587675160486,11.912111039323902,3.725712736979521,35.64078755970841,,
altered_correlation,iddq,uA,24h,lot_median_drift,3080,1.1130617727849519,0.9435594961656528,1.2956470395419963,5.668350081773843,5.102054477816597,6.308775622373526,1.0499998291217014,0.5300606102047417,16.281320090441994,3.9877626551725673,49.39310716334739,,
altered_correlation,iddq,uA,24h,lot_fitted_power_law,3080,0.9369917677808884,0.8123211250228584,1.0703350139898817,5.140355465546152,4.590161638624904,5.806933359421832,0.8653331689134484,0.512282030375788,11.986895988338146,3.953025053857959,36.03177652753897,,
altered_correlation,leakage,nA,24h,model,3080,0.3120583721659881,0.2522002113493125,0.38652964193804173,4.146714684838472,3.8830488279763165,4.402353945865533,0.2836390206464652,0.15547079155800378,4.386082618510563,3.035433017733456,33.05953419916723,0.8198051948051948,1.0152355652982932
altered_correlation,leakage,nA,24h,persistence,3080,0.36755844155844153,0.2966908279220779,0.4549573051948052,5.043397495181934,4.622046222355112,5.555843678663435,0.34765916892457105,0.19871207012811867,4.760526315789473,3.858509691404113,35.87126789873473,,
altered_correlation,leakage,nA,24h,linear,3080,1.7433181818181818,1.4735245129870131,2.049749594155844,29.635816546406925,27.398568430836836,31.857152251614192,1.7360291326034925,1.4947403910991233,8.210701754385966,27.90695650387273,74.61650853023521,,
altered_correlation,leakage,nA,24h,fixed_power_law,3080,0.3361520959026019,0.27874808013167884,0.40952692391205303,4.748522571893998,4.369048219890231,5.176366289911535,0.30995622916211785,0.18194750220666328,4.348176875746058,3.6624265361627737,33.006073817322175,,
altered_correlation,leakage,nA,24h,lot_median_drift,3080,0.40771447186975984,0.3299110099161427,0.5033451214067239,5.394324022696368,5.049491905374331,5.781656680260745,0.3865000193047036,0.19449278341105924,5.9552191031724435,3.835330464376394,45.95550730319673,,
altered_correlation,leakage,nA,24h,lot_fitted_power_law,3080,0.34361500520933874,0.28672042269209896,0.4158892528506933,4.907247700495745,4.541764062166961,5.314251333119884,0.3187457407585606,0.189550720525015,4.3519892891891985,3.81661054435095,33.28294774545593,,
altered_correlation,prop_delay,ns,24h,model,3080,0.09601036647995315,0.08120392912041391,0.11292267218780667,1.4954356682889498,1.342283633329715,1.6655836191939941,0.08806215730592358,0.04314468649595182,1.471445514133882,0.8235394636898236,18.976524640578496,0.900974025974026,0.39863829219948244
altered_correlation,prop_delay,ns,24h,persistence,3080,0.11948279220779219,0.10167277597402596,0.13846410714285712,1.8955727430181617,1.7258555095966044,2.092112778738208,0.11298305084115239,0.061726567768037754,1.622157894736842,1.1748766181746728,20.64631578061279,,
altered_correlation,prop_delay,ns,24h,linear,3080,0.665212012987013,0.6059087337662338,0.7272612175324676,12.489230100779107,11.737497385758296,13.23465470404228,0.6678893513490914,0.5901291301416048,2.618684210526316,11.503151174993,38.14458180149485,,
altered_correlation,prop_delay,ns,24h,fixed_power_law,3080,0.09848689209293979,0.08306590295025325,0.11570966602459404,1.5645668476585843,1.3836959045687698,1.7424104964371472,0.09158017168028942,0.04578505343992254,1.4696592907319679,0.9040234627589587,18.75028333548569,,
altered_correlation,prop_delay,ns,24h,lot_median_drift,3080,0.1342537799015008,0.11522667095090794,0.1557078360213164,2.1280285338863716,1.9357767599155038,2.331212428692309,0.12973437459997983,0.06292731417420552,1.989993230315166,1.2182619932060106,25.79791940807893,,
altered_correlation,prop_delay,ns,24h,lot_fitted_power_law,3080,0.10150335784690868,0.08656221319654452,0.11836969869410251,1.6303600504138234,1.4486322853163975,1.811136081152943,0.09554811418862844,0.04890554692745289,1.4699692103653812,0.9693718652810702,18.827649147815105,,
altered_correlation,ALL,relative only,24h,model,9240,0.4182013061097131,0.3673291052623933,0.47611944123323946,3.385464814265013,3.144299001379316,3.6310460377760174,0.37660520536746,0.2055252332815928,5.951510358813265,2.377813556136365,29.602075617857736,0.8551948051948052,1.5936810682220919
altered_correlation,ALL,relative only,24h,persistence,9240,0.47807759740259737,0.4187048566017317,0.541308812229437,3.9543388328968763,3.701758296399768,4.218759651780425,0.4479225291886256,0.24724668464823557,6.483730994152046,2.883346278224049,31.818934597454824,,
altered_correlation,ALL,relative only,24h,linear,9240,2.4826410173160176,2.172194099025974,2.8339710146103894,25.590383247140554,24.146153087337687,27.13826504204597,2.476302241929158,2.147386266576759,11.20514619883041,24.12625657166398,63.68336324243461,,
altered_correlation,ALL,relative only,24h,fixed_power_law,9240,0.446810740904956,0.39240198993524833,0.5050454095105279,3.740024802154759,3.482880822739904,4.002116558777717,0.4102757666017239,0.23683044105421147,5.909982401933976,2.7640542453004184,29.132381570838756,,
altered_correlation,ALL,relative only,24h,lot_median_drift,9240,0.5516766748520707,0.4780640990230147,0.6364287821834523,4.396900879452194,4.103548402095057,4.702833809104438,0.5220780743421283,0.26249356926333545,8.075510807976537,3.0137850375849906,40.38217795820767,,
altered_correlation,ALL,relative only,24h,lot_fitted_power_law,9240,0.46070337694571195,0.4064111875066388,0.5212237723616076,3.89265440548524,3.6237083728215955,4.161957039449667,0.42654234128687907,0.2502460992760853,5.936284829297576,2.9130024878299925,29.380791140270002,,
altered_correlation,iddq,uA,96h,model,3080,0.5521863719866346,0.4755265666824203,0.6344845924928855,3.292984225782555,3.0648979382440023,3.542934292767735,0.4486835977316005,0.34014749511596293,6.068917150920074,2.5520548642197585,22.570146387144423,0.8863636363636364,2.3262860194681223
altered_correlation,iddq,uA,96h,persistence,3080,0.6198376623376624,0.5385351461038962,0.6997459415584416,3.4912783952729556,3.204679133763546,3.787072770700962,0.5297504528277293,0.3594942683749156,7.393333333333333,2.7539437670451643,22.674914424427605,,
altered_correlation,iddq,uA,96h,linear,3080,0.9184058441558441,0.7829820819805194,1.0626564732142856,5.877620331455339,5.33782361864874,6.425281474016095,0.876770619271537,0.7225075859743764,6.015197368421052,5.3328703663454915,20.050676441243134,,
altered_correlation,iddq,uA,96h,fixed_power_law,3080,0.6060497342984006,0.5275838964945626,0.6833246249445496,3.4720723181044146,3.2392280165049963,3.7162880836926035,0.5159335293106136,0.3649895348511892,6.8778440462319885,2.7912806055507096,21.184600558756074,,
altered_correlation,iddq,uA,96h,lot_median_drift,3080,1.07935129682862,0.9231232746425264,1.2465286538216491,5.3478551971965365,4.984374094597023,5.711120939831992,1.019276095875878,0.49101442196893086,16.38643174273949,3.632688928721913,49.97226881382578,,
altered_correlation,iddq,uA,96h,lot_fitted_power_law,3080,0.6363529444070867,0.5524005231006051,0.7186268880167046,3.6973296386895833,3.4138204605241587,3.9874693747779486,0.5521565395701562,0.3893829611619133,7.061905315505197,3.0097848691353075,21.585555836040296,,
altered_correlation,leakage,nA,96h,model,3080,0.20566654022412775,0.16484816484325163,0.2595860826749039,3.1116085539614904,2.9064482157462947,3.3250897375594106,0.17444818937631498,0.13740484960665175,1.9816680697981084,2.632647066807863,15.57301005306375,0.8253246753246753,0.7246371189291273
altered_correlation,leakage,nA,96h,persistence,3080,0.22902597402597405,0.1896492694805195,0.2760936688311688,3.3032182634446965,3.098662011491322,3.4959559951904153,0.19600591739160209,0.13435603506405933,2.6921052631578943,2.63453509646795,20.700711888471268,,
altered_correlation,leakage,nA,96h,linear,3080,0.3584342532467532,0.3018240665584416,0.42686095779220773,6.028773684397009,5.578332653826047,6.471480564382855,0.34288543091756457,0.28828556979096426,2.1835307017543855,5.539305698980222,18.763528462872355,,
altered_correlation,leakage,nA,96h,fixed_power_law,3080,0.2252929199221981,0.1885321428836939,0.268814079885896,3.3541905216564007,3.17702528524335,3.5184432690707004,0.19317894183870069,0.13914921418003717,2.4665405623015766,2.7411682309516414,19.30352485701004,,
altered_correlation,leakage,nA,96h,lot_median_drift,3080,0.39571254768858927,0.3162393481221445,0.4909552771614038,5.098406199817446,4.816164614614261,5.389068891007739,0.37507912574977087,0.18326929513143753,5.922964188780801,3.545498659047097,45.501246251789865,,
altered_correlation,leakage,nA,96h,lot_fitted_power_law,3080,0.23752348112748695,0.20099121708452333,0.28025892699092836,3.7334641538204907,3.392918743134931,4.110215485040419,0.20949950706252926,0.1541792100706823,2.405936708798386,3.1565790628307675,18.742597310623275,,
altered_correlation,prop_delay,ns,96h,model,3080,0.061912310995234685,0.0532673887445156,0.0711403689984909,1.021931898937071,0.9366309171353379,1.1076422093358829,0.053285996055026874,0.03976587484193528,0.638108184948621,0.7560571729404054,7.939339243727512,0.9006493506493507,0.2525889025587128
altered_correlation,prop_delay,ns,96h,persistence,3080,0.07105064935064935,0.06170344967532467,0.08139741071428573,1.1544182754197754,1.047229897848119,1.261320462606979,0.061921049781764166,0.03856540795684424,0.9162368421052631,0.7483035077294505,11.720527055854014,,
altered_correlation,prop_delay,ns,96h,linear,3080,0.11189797077922078,0.09930057832792206,0.12486333400974028,2.0346300189594713,1.8603273896505248,2.2216125015864887,0.11240643259631714,0.0882552258934592,0.7270241228070174,1.7228847773211018,10.145475516322664,,
altered_correlation,prop_delay,ns,96h,fixed_power_law,3080,0.06449371949581464,0.056199145537803974,0.07344988743438771,1.0585117476835064,0.95117512309514,1.1704876728190228,0.056650643757025144,0.03451452338086846,0.8444787692934494,0.6797478880053957,10.91301707930874,,
altered_correlation,prop_delay,ns,96h,lot_median_drift,3080,0.1331623371254052,0.11488553346007249,0.1542813790340028,2.1013417985738494,1.9234455452674888,2.3012967229089876,0.12844041607343273,0.061560674543651245,1.9960617337699866,1.1858504108190924,25.920179132614287,,
altered_correlation,prop_delay,ns,96h,lot_fitted_power_law,3080,0.06685559844210237,0.05880394873371051,0.07556567179825203,1.1239162242451222,1.004086942936375,1.2566153154469506,0.059586555248068114,0.03752248081061101,0.8300312729596758,0.7518573889520275,10.803973289853182,,
altered_correlation,ALL,relative only,96h,model,9240,0.273255074401999,0.23943585700465608,0.31220372766433413,2.4755082262270385,2.342373961393596,2.61127648409897,0.22547259438764744,0.17243940652151665,2.8962311352222674,1.9802530346560088,15.360831894645234,0.8707792207792208,1.101170680318654
altered_correlation,ALL,relative only,96h,persistence,9240,0.30663809523809527,0.2719118046536797,0.34452893668831175,2.649638311379143,2.4843117715355167,2.803609257246435,0.2625591400003652,0.17747190379860642,3.6672251461988306,2.0455941237475215,18.36538445625096,,
altered_correlation,ALL,relative only,96h,linear,9240,0.4629126893939394,0.40697193655303027,0.5244841057900433,4.647008011603939,4.409671573713131,4.892065379844367,0.44402082759513956,0.36634946055293327,2.9752507309941523,4.198353614215605,16.319893473479386,,
altered_correlation,ALL,relative only,96h,fixed_power_law,9240,0.29861212457213776,0.26660160351396806,0.33441929188005637,2.628258195814774,2.4892822538821178,2.7691470017240585,0.2552543716354465,0.17955109080403162,3.396287792609005,2.070732241502583,17.13371416502495,,
altered_correlation,ALL,relative only,96h,lot_median_drift,9240,0.5360753938808717,0.46376378337979346,0.6157075232977787,4.182534398529277,3.920940211192994,4.456230417647878,0.5075985458996939,0.2452814638813399,8.101819221763424,2.788012666196034,40.46456473274331,,
altered_correlation,ALL,relative only,96h,lot_fitted_power_law,9240,0.3135773413255587,0.2799477825985659,0.34892020611294855,2.8515700055850655,2.663016554538138,3.062187505066845,0.2737475339602512,0.1936948840144022,3.432624432421086,2.3060737736393677,17.044042145505585,,
baseline,iddq,uA,24h,model,3080,0.8759655073712656,0.7182102447471833,1.0623883194535748,4.337069036187386,3.6655350359116983,5.432683007936764,0.7761631616422615,0.46480587093313747,12.64145664237001,3.293187136902445,34.2081510772642,0.8522727272727273,3.807737806033569
baseline,iddq,uA,24h,persistence,3080,1.0331461038961038,0.8535372564935066,1.2395937500000005,4.799024706315453,4.416951292350699,5.26394128353023,0.9596983207662735,0.5813911290322581,13.960288461538461,3.639487217177336,37.979635933960054,,
baseline,iddq,uA,24h,linear,3080,5.591944805194806,4.662057873376623,6.659686444805194,30.84045650982853,28.74640056970032,33.17655982494576,5.603140247357855,4.78502688172043,28.682211538461537,29.12268300546214,79.99520601939001,,
baseline,iddq,uA,24h,fixed_power_law,3080,0.9441838194898438,0.7818561086670641,1.1273715435456997,4.503772380452574,4.08155548096218,4.980760711476444,0.8667621473566566,0.525796175228596,12.916507178350164,3.4406336329640497,34.92589653935495,,
baseline,iddq,uA,24h,lot_median_drift,3080,1.1699547443100946,0.9741148016579191,1.390906473441604,5.285918876515926,4.831634956723022,5.799141703551335,1.103294980569393,0.5829419086704496,17.96755281030609,3.7641769046010882,48.831150688232825,,
baseline,iddq,uA,24h,lot_fitted_power_law,3080,0.9699633653327637,0.8045119346155996,1.156223201619535,4.668926848301037,4.241542336540092,5.139776498643439,0.8982664173414296,0.55204829288801,12.92876389990571,3.608886606324985,35.00238608023117,,
baseline,leakage,nA,24h,model,3080,0.29855480237582593,0.2474887715006085,0.35369249333376346,4.017994397603701,3.709361630192526,4.3643391282838015,0.2658926689276576,0.16798796191332702,4.034775160225795,3.077540088963973,30.929456152525166,0.8012987012987013,1.0266306345778482
baseline,leakage,nA,24h,persistence,3080,0.34888311688311685,0.2863797077922078,0.4129493506493507,4.6048497281417795,4.134775998993417,5.082216778817993,0.3306907507222992,0.2056720430107527,4.446923076923077,3.562365863626571,34.435926466576994,,
baseline,leakage,nA,24h,linear,3080,1.957909090909091,1.6985409090909094,2.2316636363636366,31.8058565396153,29.33985610001562,34.452747807641245,1.9469861711613556,1.7205913978494622,8.748846153846156,30.51038103493817,68.8763863657609,,
baseline,leakage,nA,24h,fixed_power_law,3080,0.33088921233058055,0.279254074397696,0.38670068404312236,4.632995995507878,4.275467655271663,5.018902571639077,0.3017941070612459,0.20117579174491867,4.042688632166445,3.69597659318251,31.446166585126097,,
baseline,leakage,nA,24h,lot_median_drift,3080,0.4063804121254745,0.33785901885847286,0.4783602707203949,5.309407917992875,4.916465507065038,5.75270018813759,0.37909531915070027,0.22243784724407356,5.6699676533471,3.9747707685514535,43.50056327123971,,
baseline,leakage,nA,24h,lot_fitted_power_law,3080,0.3413026218444905,0.2916379988690413,0.3966593142733739,4.842799213812054,4.485859704381658,5.227683477271494,0.3128201943866484,0.21234081918181688,4.031594205730228,3.913490887639335,31.435314393523704,,
baseline,prop_delay,ns,24h,model,3080,0.09254372489225147,0.07492740937283542,0.11134444675630643,1.365821354707456,1.2193599841283471,1.5231089994221543,0.08536365904238355,0.04517665214425615,1.4479707296810405,0.8170531687723143,17.06903405992844,0.8863636363636364,0.3895436259538394
baseline,prop_delay,ns,24h,persistence,3080,0.12028474025974026,0.09909641233766235,0.1418438311688312,1.8055947318974284,1.6336121848136564,1.9939587819990745,0.11667280858043229,0.06762634408602151,1.627125,1.2028172808496,19.05430333111221,,
baseline,prop_delay,ns,24h,linear,3080,0.6704860389610389,0.5980808116883117,0.7382281006493506,11.766838640025925,10.99544870327411,12.497631455636713,0.6706858103227806,0.5951720430107528,2.825625,10.80030535584426,39.42456031045515,,
baseline,prop_delay,ns,24h,fixed_power_law,3080,0.09716453224062313,0.08022776736174964,0.11435192635603651,1.4615981294660976,1.3054434846022451,1.6282688996908805,0.0909566865050064,0.0482038818194659,1.49819237506143,0.9039489146112778,17.418944893004014,,
baseline,prop_delay,ns,24h,lot_median_drift,3080,0.13333386881763498,0.11212302959915849,0.15515905192155832,2.0292054067076206,1.8405202703984034,2.2340899787089414,0.12805188712723742,0.06774501944393484,2.0101840201265926,1.248869485283085,24.358817927471247,,
baseline,prop_delay,ns,24h,lot_fitted_power_law,3080,0.09944554882286812,0.08254057418662718,0.11658134482958994,1.511458902734406,1.351922147364035,1.6829295375670563,0.09372179231428228,0.050700444169863974,1.4943054665857558,0.9551487887549279,17.43048677968562,,
baseline,ALL,relative only,24h,model,9240,0.42235467821311434,0.3571723000210542,0.5011847946884602,3.2402949294995147,2.8906936676584793,3.658287701206299,0.37580649653743425,0.22599016166357358,6.041400844092282,2.3959267982129107,27.402213763239263,0.8466450216450216,1.7413040221884188
baseline,ALL,relative only,24h,persistence,9240,0.5007713203463204,0.42546828192640695,0.5808442586580088,3.7364897221182205,3.4580118306325347,4.052757233889767,0.4690206266896683,0.28489650537634403,6.678112179487179,2.801556787217835,30.489955243883088,,
baseline,ALL,relative only,24h,linear,9240,2.7401133116883116,2.4225630790043287,3.1092574080086575,24.804383896489917,23.646087087268718,26.112430044256286,2.740270742947331,2.3669301075268816,13.41889423076923,23.47778979874819,62.76538423186867,,
baseline,ALL,relative only,24h,fixed_power_law,9240,0.4574125213536826,0.38985360537177705,0.5347049375564159,3.532788835142183,3.2690840920191118,3.8238568548007716,0.419837646974303,0.2583919495976602,6.152462728526013,2.6801863802526125,27.930336005828355,,
baseline,ALL,relative only,24h,lot_median_drift,9240,0.5698896750844014,0.4841560132168654,0.6613036842581261,4.208177400405473,3.8958499753843743,4.540470140253825,0.5368140622824434,0.29104159178615263,8.549234827926593,2.995939052811876,38.89684396231459,,
baseline,ALL,relative only,24h,lot_fitted_power_law,9240,0.47023717866670744,0.4039247606500438,0.5477147606670042,3.6743949882824998,3.412482791359467,3.968810746810549,0.4349361346807868,0.2716965187465637,6.151554524073899,2.8258420942397495,27.95606241781349,,
baseline,iddq,uA,96h,model,3080,0.6118106930649144,0.5028847351874811,0.7440498315258378,3.4513549687424754,2.888019704826803,4.477314750352281,0.48372088992867235,0.415466182162933,6.23028438964469,2.8806763459492934,19.781543251747376,0.8516233766233766,2.7261231588317774
baseline,iddq,uA,96h,persistence,3080,0.697840909090909,0.5806974025974027,0.8311283279220778,3.5185856489236214,3.192556055164394,3.9545462452193556,0.5758826335222881,0.4390322580645161,8.10375,2.877156322892446,21.87333251689263,,
baseline,iddq,uA,96h,linear,3080,1.082762987012987,0.925675284090909,1.2524242694805194,6.099602124603881,5.503844425330871,6.7918337054370985,1.0442429725600992,0.8483795362903226,7.789735576923077,5.5800149655541915,20.967788522025753,,
baseline,iddq,uA,96h,fixed_power_law,3080,0.6821084238411426,0.5741255907238383,0.8083885504386362,3.5416655778584514,3.176065149590846,4.021214738512286,0.5666521971294274,0.43714258907460307,7.691900003314428,2.9402321153893354,20.751915426974705,,
baseline,iddq,uA,96h,lot_median_drift,3080,1.169111542986452,0.9747210873272274,1.383062787639594,5.241766271415121,4.802039952636947,5.769251573368177,1.0921254280969566,0.5837336327602296,17.919925589459897,3.7234121745097055,48.69005273670853,,
baseline,iddq,uA,96h,lot_fitted_power_law,3080,0.7108117783283935,0.598232642204306,0.8440287492850957,3.828856402364262,3.325487717877718,4.55737492318119,0.6000160398773754,0.47324952259315545,7.508747096290589,3.2535781895209794,20.290663723725885,,
baseline,leakage,nA,96h,model,3080,0.2042716894073746,0.17235881587256838,0.24082320730734633,3.081448878567849,2.8551109446305585,3.3329982631424473,0.16921063798958028,0.1506584096991099,1.7384363087515644,2.6879019105101927,14.34294673375617,0.7987012987012987,0.7155887664394938
baseline,leakage,nA,96h,persistence,3080,0.2261201298701299,0.19011980519480517,0.2630654220779221,3.183087419971878,2.9713320477726137,3.3875605653902774,0.18984864488844028,0.1453393817204301,2.537692307692308,2.59356729140676,20.052432637373734,,
baseline,leakage,nA,96h,linear,3080,0.3885982142857143,0.337025974025974,0.4412997564935064,6.032462557922623,5.63182982609123,6.428035093701919,0.36797267027399305,0.3199277553763441,2.3536298076923075,5.594227046610013,18.5727402662527,,
baseline,leakage,nA,96h,fixed_power_law,3080,0.22667679638834456,0.1922920434005118,0.2623640644879547,3.2563026231395833,3.090826158365538,3.432595561574824,0.1897809543124635,0.15168669408692165,2.3725474160906006,2.716081800060347,18.71492925279159,,
baseline,leakage,nA,96h,lot_median_drift,3080,0.39287806857353974,0.32549470374875733,0.46384811762757755,5.025530649768049,4.733863331838156,5.34380418284636,0.3630586911901442,0.21013613304159537,5.622108839179949,3.6951101206442973,43.09602579084771,,
baseline,leakage,nA,96h,lot_fitted_power_law,3080,0.24159109733356868,0.20505054710964957,0.28126258170855356,3.594446433002604,3.334235566895805,3.896385610875107,0.20881305770075867,0.1708115687962383,2.26697452932487,3.1045826730708406,17.61208633258847,,
baseline,prop_delay,ns,96h,model,3080,0.05803351784110104,0.0487515569416467,0.06753071010403931,0.9000422006370365,0.8241793985279073,0.9755131716013589,0.05038672751882449,0.038075553125464325,0.6291383543193211,0.6745665389025098,7.352114982578882,0.8951298701298701,0.25418996690786333
baseline,prop_delay,ns,96h,persistence,3080,0.06743051948051948,0.05531913961038963,0.08068288961038962,1.016585312229721,0.9081177585496217,1.1294748888753294,0.05914922296042566,0.03751579301075268,0.9234519230769229,0.6750410560671068,10.79000556549837,,
baseline,prop_delay,ns,96h,linear,3080,0.12203336038961039,0.11215559659090911,0.1316222443181818,2.1389269080918205,2.0141724765577074,2.2815301551247655,0.12005503480510508,0.09929242271505377,0.7727740384615385,1.8479153869826614,10.46633351213852,,
baseline,prop_delay,ns,96h,fixed_power_law,3080,0.06336356226386523,0.05327573532848073,0.07424084534796592,0.9828808116843127,0.8895023140419851,1.084792017701447,0.05483791217744475,0.035229058384283946,0.8684432117411145,0.6560173443804319,10.336204645303056,,
baseline,prop_delay,ns,96h,lot_median_drift,3080,0.13068349527584655,0.10896346745353751,0.15354831986537665,1.9690038349493368,1.774688136911927,2.17966787533148,0.12562502226220038,0.06508892524921799,2.0076973452686024,1.1892618769140173,24.281619864883105,,
baseline,prop_delay,ns,96h,lot_fitted_power_law,3080,0.06704264220908185,0.05676584542745129,0.07822902925739837,1.0576388867802178,0.9568484378839682,1.1699196036466637,0.05968852495175693,0.038471745604049694,0.8846098373684637,0.7238998182759265,10.60771069321071,,
baseline,ALL,relative only,96h,model,9240,0.29137196677113003,0.2497731478381128,0.33956456170377475,2.477615349315787,2.244153813685415,2.839320390719928,0.23443941847902572,0.20140004832916908,2.865953017571859,2.0810482651206654,13.825534989360811,0.8484848484848485,1.2319672973930451
baseline,ALL,relative only,96h,persistence,9240,0.3304638528138528,0.28329205357142856,0.38494111742424236,2.572752793708407,2.4003607010478274,2.7756275863676323,0.274960167123718,0.20729581093189964,3.854964743589744,2.0485882234554373,17.571923573254914,,
baseline,ALL,relative only,96h,linear,9240,0.5311315205627706,0.46981975852272745,0.5970908123647185,4.756997196872775,4.53150997532069,5.013138506362617,0.5107568925463991,0.4225332381272402,3.6387131410256406,4.340719133048955,16.66895410013899,,
baseline,ALL,relative only,96h,fixed_power_law,9240,0.3240495941644508,0.2806402547007902,0.3757114547200813,2.5936163375607824,2.4254956265095426,2.7940979379359465,0.2704236878731119,0.2080194471819362,3.6442968770487143,2.1041104199433716,16.60101644168978,,
baseline,ALL,relative only,96h,lot_median_drift,9240,0.5642243689452795,0.4777952243141236,0.6551169063108677,4.078766918710836,3.7888345204831664,4.397257984558452,0.5269363805164337,0.286319563683681,8.516577257969482,2.8692613906893403,38.68923279747978,,
baseline,ALL,relative only,96h,lot_fitted_power_law,9240,0.3398151726236814,0.29430023390323207,0.39299410247896827,2.8269805740490277,2.5923663450677115,3.1087285120475063,0.2895058741766303,0.22751094566448116,3.5534438209946404,2.360686893622582,16.170153583175022,,
different_noise_regime,iddq,uA,24h,model,3080,1.8769829843419532,1.5792025305671606,2.204803981440781,12.855737581501504,10.225738762134142,16.263528724694268,1.5313380846716373,1.3689734718457165,13.98727426610708,12.006408779047263,33.10264032387842,0.537012987012987,6.258159899202948
different_noise_regime,iddq,uA,24h,persistence,3080,1.774383116883117,1.4635852272727272,2.1313417207792207,11.136766435968402,8.947113550843463,14.216603224868626,1.4213712731605832,1.1945872801082544,15.595967741935484,10.044421198002878,37.176867431340085,,
different_noise_regime,iddq,uA,24h,linear,3080,10.048344155844156,8.31778814935065,12.087017857142857,72.09976340305951,59.06476682630502,88.96903928060813,9.924724551351302,8.980717185385656,35.49919354838709,71.09731406691677,95.99686209368794,,
different_noise_regime,iddq,uA,24h,fixed_power_law,3080,2.0054669519625317,1.6995741439380132,2.3211095704656564,13.954232280133633,10.912241234882734,18.1149188609773,1.7255950677476077,1.5162391588252495,13.668026278686764,13.147685286090974,33.18127191231185,,
different_noise_regime,iddq,uA,24h,lot_median_drift,3080,2.1744062374067332,1.7965680931522374,2.5924890500707534,13.781588238331233,10.67246652048588,18.066886849009986,1.8836173913634078,1.3919624906295467,20.82685555574032,12.305899341335543,48.96010742800275,,
different_noise_regime,iddq,uA,24h,lot_fitted_power_law,3080,2.095498215138411,1.7796566281204715,2.4166310865437115,14.692348430004646,11.540841990705854,19.134105958969386,1.830112149771314,1.607835689081976,13.720743594354726,13.906220464311334,33.432624773467865,,
different_noise_regime,leakage,nA,24h,model,3080,0.6498103807697974,0.528707983464661,0.782271969672859,9.357815097996513,8.429530876405975,10.448375725098028,0.5379148873362074,0.4958294480050672,4.320517132806428,8.480777425530162,30.26526154808145,0.5162337662337663,2.4566374994863396
different_noise_regime,leakage,nA,24h,persistence,3080,0.6424675324675325,0.5266590909090909,0.7648417207792209,9.170617797950172,8.283010729231389,10.220229518552507,0.5410616215123019,0.4709066305818674,4.732258064516127,8.147336820482556,33.56431593822654,,
different_noise_regime,leakage,nA,24h,linear,3080,4.1040909090909095,3.234926136363636,5.115967532467533,70.28153752159582,55.81248484288811,91.16587624950695,4.10476208892612,3.8404600811907987,10.388709677419357,69.47989029856062,89.39177293524165,,
different_noise_regime,leakage,nA,24h,fixed_power_law,3080,0.8024656757084471,0.6622682727131255,0.9448773476518211,12.552422182540797,10.731094422547239,14.894253944035382,0.724344967121339,0.6535297129386706,4.35290685270409,11.770964173402918,31.181372787472768,,
different_noise_regime,leakage,nA,24h,lot_median_drift,3080,0.7972686665505858,0.6498633677356539,0.9413280478626841,11.953464547752864,9.863738724418148,14.533824826372355,0.7241197021534864,0.5820937841335945,5.926760218362091,10.621554408236173,43.70448368010236,,
different_noise_regime,leakage,nA,24h,lot_fitted_power_law,3080,0.8431253881306652,0.6965211911893373,0.9951637124927926,13.316402810269864,11.306799234872036,15.990297203351012,0.7697343867692341,0.6957784982307816,4.35568511832466,12.563013631142509,31.27622872559619,,
different_noise_regime,prop_delay,ns,24h,model,3080,0.2102629223422758,0.16650174027009326,0.264190839163188,3.3873065337160657,2.8258526760536387,4.222329861845309,0.19022755122974794,0.15720882559791338,1.4750041318288523,2.8381212703420027,16.47917458640743,0.5951298701298702,0.8257076066448032
different_noise_regime,prop_delay,ns,24h,persistence,3080,0.17833766233766232,0.1530239448051948,0.20517849025974028,2.8350019583728905,2.6116135408797483,3.059931413845467,0.15444083815895265,0.11313599458728013,1.7326612903225804,2.1382901599866484,19.44371224893526,,
different_noise_regime,prop_delay,ns,24h,linear,3080,1.0515844155844156,0.8953900162337662,1.2487892045454545,18.811673377874747,16.41886157811578,22.016942824340056,1.0540346926429893,0.9544756427604872,3.3665322580645154,17.682182177916513,45.737286176879024,,
different_noise_regime,prop_delay,ns,24h,fixed_power_law,3080,0.20081895334583225,0.1711162154635933,0.2338197909380585,3.293387532968031,2.946051517049501,3.7364845767566353,0.18609103741232097,0.14553193311449497,1.5187901775702926,2.7226581971628847,16.898838473613292,,
different_noise_regime,prop_delay,ns,24h,lot_median_drift,3080,0.21444022858715767,0.18122885439044703,0.2513641163665029,3.3863217750666235,2.9908354619059985,3.8428663024259824,0.1995735656975348,0.13146918894705537,2.192362754201209,2.4628864777942705,25.399827732623702,,
different_noise_regime,prop_delay,ns,24h,lot_fitted_power_law,3080,0.20978123602148827,0.17910486985523977,0.24417690809743442,3.4633242326350393,3.0929882442413303,3.9514482999055565,0.19638502403020755,0.1549654511731739,1.5165188167603372,2.8971649644740327,16.959830657505492,,
different_noise_regime,ALL,relative only,24h,model,9240,0.9123520958180087,0.7983244657023697,1.040974524230642,8.533619737738027,7.509672540213155,9.778654943972038,0.7531601744125309,0.6740039151495657,6.59426517691412,7.775102491639808,26.6156921527891,0.5494588744588744,3.180168335111363
different_noise_regime,ALL,relative only,24h,persistence,9240,0.8650627705627706,0.749218777056277,0.9920163149350649,7.7141287307638216,6.918509579898899,8.707397792741423,0.7056245776106126,0.5928766350924675,7.353629032258065,6.776682726157361,30.06163187283396,,
different_noise_regime,ALL,relative only,24h,linear,9240,5.068006493506493,4.371746076839827,5.935949783549784,53.730991434176694,46.59557674518389,62.99073678464426,5.027840444306803,4.591884303112314,16.418145161290322,52.75312884779797,77.04197373526954,,
different_noise_regime,ALL,relative only,24h,fixed_power_law,9240,1.0029171936722705,0.8884672736196367,1.1242019381294963,9.933347331880821,8.735616999454594,11.493599838248512,0.8786770240937559,0.7717669349594717,6.513241102987051,9.213769218885593,27.087161057799303,,
different_noise_regime,ALL,relative only,24h,lot_median_drift,9240,1.0620383775148257,0.913549147637816,1.2104102590245533,9.707124853716909,8.405955615191978,11.352594713407951,0.9357702197381429,0.7018418212367321,9.64865950943454,8.463446742455329,39.35480628024294,,
different_noise_regime,ALL,relative only,24h,lot_fitted_power_law,9240,1.0494682797635213,0.9302560271938782,1.1751479200798098,10.490691824303184,9.219909021320602,12.162595934637105,0.9320771868569184,0.8195265461619772,6.53098250981324,9.788799686642625,27.222894718856516,,
different_noise_regime,iddq,uA,96h,model,3080,1.4063373541547575,1.1392138195857398,1.6985628996207673,9.726184763153048,7.846312386856207,12.25254757653715,1.0683175603229316,1.170705437652354,7.023498202389474,9.271241905993692,20.571435454790617,0.5652597402597402,4.0998896245233425
different_noise_regime,iddq,uA,96h,persistence,3080,1.412922077922078,1.1868011363636364,1.6571525974025976,9.456046777809192,7.747915498910086,11.927172775689597,1.127266128196447,1.1121447902571042,8.583064516129033,8.930861844918883,21.975777919936238,,
different_noise_regime,iddq,uA,96h,linear,3080,2.0635227272727272,1.7641943993506497,2.3742305194805193,14.759301499132512,12.171818727575047,18.1519110491456,1.9140852839303393,1.783262855209743,8.744556451612903,14.38420825575109,23.701040430063845,,
different_noise_regime,iddq,uA,96h,fixed_power_law,3080,1.4397918804098482,1.2238567440660089,1.6615630962037038,9.928354402189917,8.082937542760067,12.561147896310604,1.178661402024054,1.1678549877282431,7.92241651562618,9.480962499393598,20.59360008497957,,
different_noise_regime,iddq,uA,96h,lot_median_drift,3080,2.032184025538612,1.6745986239461663,2.4559496490079353,11.520608035304187,9.676095671806054,14.10792795981614,1.7791232121994796,1.2407030742909955,20.900068637538244,9.92554414305926,49.5448730794655,,
different_noise_regime,iddq,uA,96h,lot_fitted_power_law,3080,1.59876205722963,1.3387054567273458,1.8741339143466307,11.128457056372257,8.607126766291916,14.641631307082287,1.3446900231985366,1.3078798568757986,8.533018381793543,10.654549428068682,22.425803421415548,,
different_noise_regime,leakage,nA,96h,model,3080,0.5655566180615601,0.458756240828347,0.674457428810298,8.63994062943255,7.707293225689989,9.614841158199516,0.4188267046323103,0.4917064035848195,2.326050440587731,8.286492413406936,17.065690037268936,0.5123376623376623,1.6416102680196158
different_noise_regime,leakage,nA,96h,persistence,3080,0.5421103896103896,0.4562987012987013,0.6299099025974025,8.294161733752306,7.5466118566161455,9.181772735379603,0.4069270724189242,0.4491204330175913,2.7588709677419354,7.817135362727264,19.665854901091258,,
different_noise_regime,leakage,nA,96h,linear,3080,0.8479788961038961,0.6961665990259739,1.0112067775974023,14.130842211946852,11.98281870983206,17.153122393483244,0.7641079846524609,0.766052097428958,2.8010080645161293,13.767760190506353,22.78624911015744,,
different_noise_regime,leakage,nA,96h,fixed_power_law,3080,0.5721837952328239,0.4801995630255553,0.6591094144473262,8.991841153962191,8.084840490287476,10.119705113639492,0.44568058589644965,0.4858048423469859,2.6313465753178007,8.575636895724138,18.913613632604807,,
different_noise_regime,leakage,nA,96h,lot_median_drift,3080,0.7201872090954644,0.5917902382287851,0.853022928484218,10.133418762362654,9.19498378593234,11.185404975595292,0.6101044996747347,0.504184094113652,5.8694227565651245,8.761854520330266,42.82974053210252,,
different_noise_regime,leakage,nA,96h,lot_fitted_power_law,3080,0.6012263770298718,0.5045246116857048,0.6994497324974194,9.429709890600437,8.487983491549457,10.421078117960187,0.4741018795664981,0.5172937352985064,2.6020722557227463,9.025465915723931,19.066364646527447,,
different_noise_regime,prop_delay,ns,96h,model,3080,0.1491120222602495,0.12304738847477249,0.18089423024031911,2.482950585509481,2.2029810071600067,2.8071924770375065,0.12467835360901992,0.12549603484776964,0.7120866899319476,2.254336873223438,7.932806500973555,0.5818181818181818,0.5520046068714964
different_noise_regime,prop_delay,ns,96h,persistence,3080,0.13810389610389612,0.12291095779220781,0.1539958603896104,2.349894852451072,2.1698249820136404,2.540578017874026,0.11026291402378204,0.10385317997293643,0.9545967741935484,1.993470383966729,10.846594278577825,,
different_noise_regime,prop_delay,ns,96h,linear,3080,0.20367288961038962,0.17338224431818183,0.2404687297077922,3.5265846588177525,3.185365228337386,3.9104015447679576,0.19413783369474363,0.1746168809201624,0.8963306451612902,3.185761460495358,11.65136993495484,,
different_noise_regime,prop_delay,ns,96h,fixed_power_law,3080,0.14196790794423428,0.1258467236651371,0.16044245414118283,2.4191925371762886,2.2358904293161386,2.6285172658524685,0.11749280359658013,0.10985587681069829,0.9074772952888507,2.0834636504041404,10.422535999260724,,
different_noise_regime,prop_delay,ns,96h,lot_median_drift,3080,0.20451286924974751,0.17524882242557718,0.23748502890116824,3.2025962988693486,2.95981857804917,3.442069262160069,0.1809032381689478,0.12072465727866652,2.2019157288184212,2.2593736692430375,25.687806727703027,,
different_noise_regime,prop_delay,ns,96h,lot_fitted_power_law,3080,0.1520042795181204,0.13239258217048444,0.17364854270094318,2.590475180334898,2.3616409806421066,2.826315179674991,0.12752022096639193,0.12021666821215544,0.9097799167796722,2.248884236336514,10.733562522747992,,
different_noise_regime,ALL,relative only,96h,model,9240,0.7070019981588558,0.6067035932803612,0.8103766866721039,6.94969199269836,6.265652469958015,7.828979147135174,0.5372742061880873,0.5959692920283144,3.3538784443030507,6.604023730874689,15.189977331011034,0.5531385281385282,2.0978348331381516
different_noise_regime,ALL,relative only,96h,persistence,9240,0.6977121212121212,0.6110380140692641,0.7830403138528136,6.700034454670857,6.090951578396629,7.465911493540163,0.548152038213051,0.5550394677492106,4.098844086021505,6.247155863870958,17.496075699868438,,
different_noise_regime,ALL,relative only,96h,linear,9240,1.0383915043290044,0.9208764475108225,1.1499601122835499,10.80557612329904,9.54209450984101,12.161632065932789,0.9574437007591812,0.9079772778529545,4.147298387096774,10.4459099689176,19.379553158392042,,
different_noise_regime,ALL,relative only,96h,fixed_power_law,9240,0.7179811945289688,0.6366223718814101,0.7998496071622095,7.113129364442799,6.4223439309045895,7.930793402528996,0.5806115971723614,0.5878385689619756,3.820413462077611,6.713354348507291,16.643249905615036,,
different_noise_regime,ALL,relative only,96h,lot_median_drift,9240,0.9856280346279414,0.8461918969900364,1.139258465378942,8.28554103217873,7.553108614461059,9.161774250762685,0.8567103166810539,0.6218706085611047,9.657135707640595,6.9822574442108545,39.35414011309035,,
different_noise_regime,ALL,relative only,96h,lot_fitted_power_law,9240,0.7839975712592073,0.6870965986867604,0.8800341675087301,7.716214042435864,6.805389230117839,8.853210624464683,0.6487707079104755,0.6484634201288202,4.014956851431986,7.309633193376374,17.40857686356366,,
higher_defect_prevalence,iddq,uA,24h,model,3080,2.259650210185104,1.8511461090971626,2.681110530678609,6.989532478157667,6.403838031675605,7.658418798682539,2.168576645091004,0.4319044487420427,14.331798140704093,2.8519068122713294,34.31829459234522,0.8337662337662337,5.626789364716272
higher_defect_prevalence,iddq,uA,24h,persistence,3080,2.5624383116883114,2.085987581168831,3.0273115259740253,7.9441099569769635,7.325420672861263,8.640612739087373,2.502099087961272,0.5645158878504672,15.758592592592594,3.4765925911243474,37.451786385756584,,
higher_defect_prevalence,iddq,uA,24h,linear,3080,8.52665909090909,7.169331737012988,10.005058928571428,37.03965537362578,34.99554256480826,39.43451276455093,8.541287299057295,4.7573233644859805,33.42288888888889,29.743173666990003,85.23246664584973,,
higher_defect_prevalence,iddq,uA,24h,fixed_power_law,3080,2.3550724774078384,1.916269743189681,2.7858101469497796,7.263689194142906,6.734124072752573,7.8845765433759585,2.27915633895436,0.5016210297783776,14.597004878417238,3.146348282317981,34.45847175990012,,
higher_defect_prevalence,iddq,uA,24h,lot_median_drift,3080,3.195579560186534,2.6373567431531812,3.8074462621336624,9.637429972793532,8.949842881684507,10.341724262401549,3.144002619964335,0.5713335817149288,20.528562257498987,3.616335869146934,49.40638485490378,,
higher_defect_prevalence,iddq,uA,24h,lot_fitted_power_law,3080,2.3904666335094737,1.9497895881719425,2.831568288159048,7.443853115215709,6.922435129862784,8.058495031499788,2.3216819757055314,0.5274024148806316,14.695890793588863,3.318027940551096,34.69467371330914,,
higher_defect_prevalence,leakage,nA,24h,model,3080,0.7024643829042438,0.5623318298301144,0.8817346973789396,6.826316203250489,6.337316379183544,7.3532172154184705,0.6656763964010988,0.164518938525062,4.255560836519828,3.2022587931512185,30.762991689708624,0.7555194805194805,1.6571752543932206
higher_defect_prevalence,leakage,nA,24h,persistence,3080,0.7940324675324675,0.6314650974025974,0.9959770292207791,7.954753112209851,7.24382926543202,8.668130750209418,0.7582608597247665,0.2069084112149533,4.671950617283951,3.9924095391092567,34.12578782342984,,
higher_defect_prevalence,leakage,nA,24h,linear,3080,2.6261623376623375,2.109112581168832,3.22874375,35.03521874733217,31.957766133284114,38.89667489858992,2.6236429555725627,1.6132560747663556,9.316345679012345,28.70956024492084,76.81580268301191,,
higher_defect_prevalence,leakage,nA,24h,fixed_power_law,3080,0.7429962083310425,0.5889342904810523,0.9350219167158808,7.463908884676215,6.819001950965227,8.126245684084072,0.7096854405928472,0.19758595596705375,4.34539725789566,3.897669193780456,31.01870190479017,,
higher_defect_prevalence,leakage,nA,24h,lot_median_drift,3080,0.9775123183734189,0.7865570711846896,1.2196129240379854,9.489035204476671,8.722076003351443,10.243897536777652,0.9445076521408022,0.21971802408945063,5.982696854693455,4.199967617136542,44.42300013320469,,
higher_defect_prevalence,leakage,nA,24h,lot_fitted_power_law,3080,0.75476434631008,0.5992950100067268,0.9501988988155081,7.631093211421086,6.972448968629176,8.305074511123141,0.7234416598991839,0.20781941717732727,4.367301841199249,4.0736748254302855,31.127622057162803,,
higher_defect_prevalence,prop_delay,ns,24h,model,3080,0.24212827404344536,0.20176358418317936,0.29033688465369095,2.9542845363022536,2.6704932056459176,3.302953653924194,0.2365183447231019,0.04571288742210945,1.5394397782707872,0.811091187169626,17.109944311437513,0.8642857142857143,0.6068031499661898
higher_defect_prevalence,prop_delay,ns,24h,persistence,3080,0.2818743506493506,0.2364637418831169,0.33649939935064926,3.493831224950447,3.172845300958729,3.8624017823439227,0.28031992204251344,0.06142841121495328,1.7379061728395062,1.1096780450486134,19.241015808252683,,
higher_defect_prevalence,prop_delay,ns,24h,linear,3080,1.0307808441558441,0.8949656737012985,1.1823999675324677,15.758956695791627,14.74710083156338,16.862534010190632,1.0287244820884252,0.6470904672897196,3.565032098765432,11.727560073823412,42.38608253224837,,
higher_defect_prevalence,prop_delay,ns,24h,fixed_power_law,3080,0.25606005076322774,0.21336911584120893,0.3070920585598673,3.1062947006724553,2.7922286021864897,3.4765179241582196,0.2514467344406493,0.046954001566551155,1.6371925979264623,0.8760308493384134,17.83704976812569,,
higher_defect_prevalence,prop_delay,ns,24h,lot_median_drift,3080,0.3516908936599202,0.29459732573606695,0.41521436614920587,4.331461813951719,3.919545765383791,4.786510077432537,0.3488573375470712,0.0670623468625112,2.2316448755934237,1.2055097103768075,24.978182498057624,,
higher_defect_prevalence,prop_delay,ns,24h,lot_fitted_power_law,3080,0.2611161526505927,0.21804107874509565,0.3120178496726589,3.1895674674715844,2.8672802571043374,3.567763197367073,0.25676049547777874,0.0512074143635262,1.6475504117071431,0.954571927799395,17.95157504431876,,
higher_defect_prevalence,ALL,relative only,24h,model,9240,1.0680809557109312,0.9100460388567891,1.2289777780079907,5.590044405903471,5.170136128767727,6.057122031366001,1.023590462071735,0.21404542489640474,6.7089329184982365,2.288418930864058,27.397076864497123,0.8178571428571428,2.6302559230252274
higher_defect_prevalence,ALL,relative only,24h,persistence,9240,1.21278170995671,1.0357523187229438,1.402950265151515,6.464231431379088,5.943227606870851,7.032885298266578,1.1802266232428507,0.27761757009345794,7.389483127572016,2.8595600584274052,30.272863339146365,,
higher_defect_prevalence,ALL,relative only,24h,linear,9240,4.061200757575757,3.5312173268398266,4.617540830627705,29.27794360558319,27.479276669337324,31.369173560134403,4.064551578906094,2.3392233021806854,15.434755555555554,23.393431328578085,68.14478395370334,,
higher_defect_prevalence,ALL,relative only,24h,fixed_power_law,9240,1.1180429121673696,0.952675656399842,1.2906223625306035,5.944630926497191,5.466658294594689,6.447370411768708,1.0800961713292858,0.24872032910399422,6.85986491141312,2.64001610847895,27.77140781093866,,
higher_defect_prevalence,ALL,relative only,24h,lot_median_drift,9240,1.5082609240732912,1.2884848983556367,1.741940026446139,7.819308997073974,7.244131864914171,8.439157519781546,1.4791225365507363,0.28603798422229687,9.580967995928622,3.007271065553428,39.60252249538868,,
higher_defect_prevalence,ALL,relative only,24h,lot_fitted_power_law,9240,1.1354490441567153,0.9703788956901688,1.310135170870109,6.088171264702794,5.617565570855658,6.594034300399994,1.100628043694165,0.262143082140495,6.903581015498418,2.782091564593592,27.924623604930233,,
higher_defect_prevalence,iddq,uA,96h,model,3080,1.1667543090013133,0.9741222624884781,1.3661214611172563,4.488796338759693,4.184677958818391,4.869892497275823,1.0723527322496307,0.3760662016841017,6.389200449923636,2.471371264807458,17.81376441980223,0.861038961038961,4.476186218178036
higher_defect_prevalence,iddq,uA,96h,persistence,3080,1.538909090909091,1.2572854707792207,1.8153824675324672,5.058271812544052,4.665965387092951,5.500146648551107,1.4448476141083622,0.4124186915887851,8.979308641975308,2.6140915522542567,21.201931556433443,,
higher_defect_prevalence,iddq,uA,96h,linear,3080,1.8580170454545457,1.5685649756493507,2.165321083603896,7.551814284601228,7.121296848449741,8.034797045891708,1.8228297257244197,0.834292523364486,8.619654320987655,5.4706834432282205,21.297555027003185,,
higher_defect_prevalence,iddq,uA,96h,fixed_power_law,3080,1.474446386885222,1.2064709800395839,1.7340227441933902,4.96295334082948,4.613320158720966,5.35756255664174,1.386546671153911,0.4119124907124288,8.492417182594412,2.678846635986339,20.04933713207738,,
higher_defect_prevalence,iddq,uA,96h,lot_median_drift,3080,3.2031486323877507,2.644686790145569,3.8135174759651465,9.724492860368834,9.011694895826242,10.475639506897021,3.1452967957677003,0.5827443124866094,20.51075741198171,3.7273630535212896,49.33516504139891,,
higher_defect_prevalence,iddq,uA,96h,lot_fitted_power_law,3080,1.4948302083360567,1.2274592060027056,1.7585252335349948,5.1842962452127415,4.778595372340006,5.623221957080318,1.4161926600401622,0.4392059610846425,8.467163199441078,2.9222632903881824,20.124884280165077,,
higher_defect_prevalence,leakage,nA,96h,model,3080,0.391841813092435,0.3172412579551021,0.48886019751425236,4.445568077022441,4.149765416927862,4.759300732360174,0.35627381058521174,0.14380249421050287,2.0301262032385297,2.7810508685618296,15.439601490928945,0.772077922077922,1.1918464458541884
higher_defect_prevalence,leakage,nA,96h,persistence,3080,0.4800422077922078,0.38081371753246757,0.6026413961038961,4.998692900398789,4.606090658458678,5.404106472528228,0.44013547809879155,0.14566355140186918,2.6885925925925926,2.8319228291790153,19.31007546956643,,
higher_defect_prevalence,leakage,nA,96h,linear,3080,0.5547808441558442,0.4568959821428572,0.6702826704545455,7.033939267332279,6.497950117559711,7.559375508033079,0.5430065764782032,0.28622336448598135,2.3285864197530866,5.274342053005865,18.655970250846256,,
higher_defect_prevalence,leakage,nA,96h,fixed_power_law,3080,0.45490600326655484,0.3631824844596641,0.5709654135144362,4.839359382962294,4.507720069060278,5.191634657020166,0.41999129381326866,0.14635420202469296,2.492871604061569,2.863119614190682,17.892301065589606,,
higher_defect_prevalence,leakage,nA,96h,lot_median_drift,3080,0.9577038448797279,0.7631126343073967,1.2024764142563096,9.035417784550827,8.378966839445276,9.698336697044383,0.9294907622926237,0.19755816187766248,5.9784191585353454,3.6970865527847216,44.29476604374672,,
higher_defect_prevalence,leakage,nA,96h,lot_fitted_power_law,3080,0.46089270244106667,0.36962723625762395,0.5774615741040185,5.084009079572787,4.71203900713233,5.487695488359267,0.4340120532606938,0.1597575435673376,2.449871838211993,3.1593769582246995,17.796085436624963,,
higher_defect_prevalence,prop_delay,ns,96h,model,3080,0.13143820703156006,0.10545559595855358,0.16406650006168613,1.6318601855553647,1.4661602373091946,1.82013388222327,0.12405754914568418,0.04428629201920654,0.7070712259403148,0.7612345068128284,7.382289051323967,0.8675324675324675,0.39832002871185423
higher_defect_prevalence,prop_delay,ns,96h,persistence,3080,0.163349025974026,0.1366801298701299,0.19421465097402596,2.042858659235676,1.8433745355246225,2.276502182706345,0.15705491859811427,0.03819028037383179,0.9900148148148147,0.7109653877522313,10.839931501749787,,
higher_defect_prevalence,prop_delay,ns,96h,linear,3080,0.20203977272727275,0.17375842126623375,0.23542395089285714,2.8886911857355213,2.6949650572849224,3.1011043338707363,0.19792009315095888,0.09908233644859814,0.8820672839506173,1.7609854699932668,10.337117826749182,,
higher_defect_prevalence,prop_delay,ns,96h,fixed_power_law,3080,0.15486191416003792,0.13016533333005603,0.18430100063475835,1.9402583372237587,1.7634164346709948,2.1504291749028384,0.14715196356540095,0.03637937889598127,0.9374317458423873,0.6743299228928532,10.301637370150111,,
higher_defect_prevalence,prop_delay,ns,96h,lot_median_drift,3080,0.35044857064181206,0.29298442076935055,0.413071904528844,4.301794142469515,3.89707631649142,4.7567286550330605,0.34644407290802237,0.0648949167288515,2.2365128279681565,1.1617169930756623,25.041809882293116,,
higher_defect_prevalence,prop_delay,ns,96h,lot_fitted_power_law,3080,0.1600377051720527,0.13540573769593872,0.18974284377651585,2.0410049084568183,1.8524296850692503,2.2660749812227827,0.1526641794790817,0.04055290692149856,0.9492274220121328,0.7615325191439837,10.491841060090975,,
higher_defect_prevalence,ALL,relative only,96h,model,9240,0.5633447763751028,0.48776204922281635,0.6384547067953467,3.522074867112499,3.3328746557122653,3.7336507923661832,0.5175613639935089,0.18805166263793704,3.0421326263674944,2.0045522133940388,13.545218320685048,0.8335497835497836,2.0221175642480267
higher_defect_prevalence,ALL,relative only,96h,persistence,9240,0.7274334415584415,0.6204941396103897,0.8390099702380954,4.033274457392839,3.738782955276631,4.360421842775561,0.6806793369350894,0.19875750778816198,4.219305349794239,2.0523265897285015,17.11731284258322,,
higher_defect_prevalence,ALL,relative only,96h,linear,9240,0.8716125541125541,0.7656982271374457,0.9825415537067098,5.824814912556343,5.523153995448319,6.127268848688269,0.8545854651178606,0.4065327414330218,3.943436008230453,4.168670322075785,16.76354770153287,,
higher_defect_prevalence,ALL,relative only,96h,fixed_power_law,9240,0.6947381014372715,0.5934000859071932,0.798923763119854,3.9141903536718443,3.654223734027596,4.2028039637856685,0.651229976177527,0.19821535721103437,3.9742401774994565,2.072098724356625,16.081091855939032,,
higher_defect_prevalence,ALL,relative only,96h,lot_median_drift,9240,1.5037670159697636,1.2870318238895875,1.735171441085513,7.687234929129725,7.127228475985596,8.285704798371958,1.4737438769894489,0.2817324636977078,9.575229799495071,2.862055533127224,39.55724698914625,,
higher_defect_prevalence,ALL,relative only,96h,lot_fitted_power_law,9240,0.7052535386497254,0.6044293322454305,0.8096595521778779,4.103103411080783,3.8304552992652745,4.399093698544902,0.6676229642599794,0.21317213719115954,3.955420819888401,2.2810575892522884,16.137603592293672,,
wider_drift_exponent,iddq,uA,24h,model,3080,1.0586895745897122,0.8611326205488723,1.282651528976152,4.781225623734394,4.134540353253991,5.584606429869367,0.9773914426431182,0.4550327176093087,14.647880958064594,3.419040160190881,35.44599609693911,0.8487012987012987,3.818013954982343
wider_drift_exponent,iddq,uA,24h,persistence,3080,1.229818181818182,1.0132625811688312,1.4712137175324673,5.511070476801485,5.024935836090806,5.973439693533855,1.1675852322053206,0.5759003051881993,15.950458015267174,4.033089521311943,38.78256542137141,,
wider_drift_exponent,iddq,uA,24h,linear,3080,5.6167727272727275,4.67694163961039,6.618305275974026,31.825617898107016,29.091550076129277,34.536479621511006,5.602019551978178,4.375133943709732,33.56786259541985,28.91438034923175,97.36179752889448,,
wider_drift_exponent,iddq,uA,24h,fixed_power_law,3080,1.1738452038418414,0.9589341981278886,1.4106646242007663,5.386436463816459,4.918825054074371,5.918831821643446,1.1042975829666444,0.5626434451004985,14.932883268942764,4.029383881217606,35.93565834232042,,
wider_drift_exponent,iddq,uA,24h,lot_median_drift,3080,1.4330501393433943,1.1862397196367287,1.7278170721603472,6.117067738518268,5.574597123738379,6.739560517768434,1.3643347973948627,0.5706338510063067,20.847291622595854,4.048819859884372,52.67632723539889,,
wider_drift_exponent,iddq,uA,24h,lot_fitted_power_law,3080,1.2037574283592025,0.9860572352563074,1.444858881736073,5.568286998106616,5.076802750896634,6.12235862381642,1.1367091858808218,0.5882789477619125,15.059070705316516,4.202027140029526,36.324778001689346,,
wider_drift_exponent,leakage,nA,24h,model,3080,0.3728461355067678,0.32065515791305466,0.42780948439255767,4.350773479893415,3.99733216945648,4.726112141682326,0.3428095992518205,0.18305149560624054,4.6453987543361945,3.0890738106737237,32.753462980113795,0.8350649350649351,1.2714046847881528
wider_drift_exponent,leakage,nA,24h,persistence,3080,0.44296753246753245,0.38309196428571424,0.5021037337662337,5.317947455469163,4.821090985471784,5.819834965242311,0.42058265888564783,0.23744998304510004,5.069465648854961,3.9634143383651206,35.81045251149834,,
wider_drift_exponent,leakage,nA,24h,linear,3080,2.1281363636363637,1.8679690746753246,2.384696915584415,31.202121085070775,28.88887110375631,33.573386900984154,2.128404107756099,1.7578840284842319,10.463053435114505,28.721019358366966,87.05531949766265,,
wider_drift_exponent,leakage,nA,24h,fixed_power_law,3080,0.406067459613803,0.3546122211113604,0.4589315989760292,4.936751877737894,4.579502793406515,5.322932211248449,0.38018809694576305,0.2177463409187455,4.645448978939945,3.6906734048289187,32.9877855923071,,
wider_drift_exponent,leakage,nA,24h,lot_median_drift,3080,0.49545054865336713,0.4304733205478883,0.5603925138176641,5.663599502128187,5.214574413947346,6.117286998913459,0.4684568921230493,0.22688776626455295,6.541188298764918,3.7992390351755376,47.63305764749736,,
wider_drift_exponent,leakage,nA,24h,lot_fitted_power_law,3080,0.4153017634216857,0.36491555463542946,0.4678192690499754,5.084102036086842,4.731727970102424,5.478351325308253,0.3911197511922541,0.22655155805618632,4.66434264603892,3.8390828312067367,33.11129009098324,,
wider_drift_exponent,prop_delay,ns,24h,model,3080,0.13119209490813602,0.10141073701783242,0.16531181051934377,1.7809451348726335,1.6110736887833865,1.9697569937736181,0.12457078113349868,0.05448917932656585,1.857885973152796,0.9947838041771413,19.47857692281924,0.8688311688311688,0.4365305196542553
wider_drift_exponent,prop_delay,ns,24h,persistence,3080,0.1606366883116883,0.12782852272727271,0.19806405032467533,2.2588989864718263,2.0775555748790127,2.4586706236923415,0.1582755828950384,0.07600474737199049,2.065824427480916,1.4035147860746255,21.514837970985905,,
wider_drift_exponent,prop_delay,ns,24h,linear,3080,0.7226464285714287,0.5833104788961039,0.8810973295454546,11.560041913816029,10.596303486131536,12.564085105699835,0.7224794901794626,0.5242509325194982,5.188816793893129,9.797753431138007,51.2317116498274,,
wider_drift_exponent,prop_delay,ns,24h,fixed_power_law,3080,0.1352898135097794,0.10618596428369442,0.1689548847884809,1.8722396018623566,1.7144963798253716,2.0544126026042986,0.12990753812317124,0.056974768446408995,1.8982750645928272,1.069817103754269,19.9359338531658,,
wider_drift_exponent,prop_delay,ns,24h,lot_median_drift,3080,0.186114203432061,0.1431314019479151,0.23982205976838283,2.45582752881328,2.2069514192092936,2.7238802334277734,0.18136066634832765,0.06896585305545677,2.823293480230579,1.2803572083023274,28.91736932413236,,
wider_drift_exponent,prop_delay,ns,24h,lot_fitted_power_law,3080,0.13729444892764708,0.10791765462704465,0.17133376559760552,1.9048355836852617,1.7335601110031318,2.090369665871053,0.13200340514009076,0.05814346216712458,1.919097960048111,1.095301242573246,20.12862773589392,,
wider_drift_exponent,ALL,relative only,24h,model,9240,0.520909268334872,0.43839272386400774,0.6108256673689691,3.637648079500148,3.3029849974971213,4.0066473421416084,0.48159060767614575,0.23085779751403837,7.050388561851194,2.5009659250139156,29.22601199995738,0.8508658008658009,1.8419830531415842
wider_drift_exponent,ALL,relative only,24h,persistence,9240,0.6111408008658008,0.5228081980519481,0.7077915340909091,4.362638972914159,4.048630528223651,4.700180456256327,0.5821478246620022,0.2964516785350967,7.695249363867685,3.133339548583897,32.03595196795188,,
wider_drift_exponent,ALL,relative only,24h,linear,9240,2.822518506493506,2.49396954004329,3.1848993506493506,24.862593632331276,23.474492347645786,26.189592887756035,2.8176343833045805,2.2190896349044875,16.406577608142495,22.47771771291224,78.54960955879484,,
wider_drift_exponent,ALL,relative only,24h,fixed_power_law,9240,0.5717341589884747,0.4900362899479284,0.6617969657060231,4.06514264780557,3.7761654275237237,4.3541762537195705,0.5381310726785261,0.27912151815521763,7.158869104158513,2.9299581299335977,29.61979259593111,,
wider_drift_exponent,ALL,relative only,24h,lot_median_drift,9240,0.7048716304762742,0.6017801610398288,0.8187892842560202,4.745498256486579,4.36706599469415,5.133884067915346,0.6713841186220799,0.2888291567754388,10.070591133863784,3.042805367787413,43.0755847356762,,
wider_drift_exponent,ALL,relative only,24h,lot_fitted_power_law,9240,0.5854512135695118,0.5031211694327109,0.6746642345643655,4.1857415392929065,3.899274237444863,4.475221720012918,0.5532774474043888,0.2909913226617411,7.214170437134516,3.04547040460317,29.854898609522174,,
wider_drift_exponent,iddq,uA,96h,model,3080,0.7100856696920194,0.5886426062343584,0.8492048948841635,3.6364873100783193,3.20113439126641,4.163712770372395,0.6096724067963953,0.37285294141022357,8.301683499486034,2.727581077364759,24.097284869408774,0.8639610389610389,2.63242800740567
wider_drift_exponent,iddq,uA,96h,persistence,3080,0.7872402597402597,0.6422482142857142,0.960363555194805,3.5943428121490513,3.32106869719779,3.877428576096,0.6928181118327331,0.3944421837911156,9.629694656488548,2.7187936394762557,23.304224569493144,,
wider_drift_exponent,iddq,uA,96h,linear,3080,1.1692865259740262,0.9814704748376624,1.3671995535714285,6.472937107660581,5.880480353458622,7.113064144707503,1.1262023673345387,0.7949491353001017,9.596164122137406,5.58663851951164,26.424803798127982,,
wider_drift_exponent,iddq,uA,96h,fixed_power_law,3080,0.7822047949420163,0.64716881739623,0.9424429418686856,3.6746855651165586,3.387110590566645,3.977555524076315,0.6869549944819768,0.39982755818650617,9.390070987247356,2.817172982742425,22.978537514897646,,
wider_drift_exponent,iddq,uA,96h,lot_median_drift,3080,1.3912480892436367,1.1361179386333102,1.6886516809070593,5.704637243988996,5.202838390478598,6.230277758593627,1.316565498533214,0.5289902828993533,20.80192191297869,3.62950692967104,52.4188303502764,,
wider_drift_exponent,iddq,uA,96h,lot_fitted_power_law,3080,0.8251842692554797,0.677950633743598,0.9944999746667681,4.007931928367221,3.5684948919298174,4.583426346896682,0.7362577417815965,0.43185430789723217,9.679612177999541,3.1262879382912008,23.855016865269384,,
wider_drift_exponent,leakage,nA,96h,model,3080,0.24422409437825887,0.21291307706716125,0.2774265709122639,3.239662236170967,3.01679205953812,3.496098991881988,0.20486824451329458,0.15590446965152277,2.232426944142722,2.625751627303148,17.05968044648546,0.7873376623376623,0.8318341191131622
wider_drift_exponent,leakage,nA,96h,persistence,3080,0.2864805194805195,0.2510346590909091,0.3244186688311688,3.60570368192017,3.2997489274472676,3.945503919831703,0.24353930620938985,0.16743641912512716,2.9663358778625954,2.814161177092634,21.42447350433549,,
wider_drift_exponent,leakage,nA,96h,linear,3080,0.4180251623376623,0.3692243100649351,0.4646008725649351,5.94632614880244,5.522874897612893,6.369609153787633,0.4018904522252703,0.3121219057307562,2.8020610687022898,5.19537933007855,22.85122819778527,,
wider_drift_exponent,leakage,nA,96h,fixed_power_law,3080,0.2786078970176437,0.2464350901376126,0.31184687257358473,3.5530233304562864,3.300137237949517,3.842479048657589,0.23583177255008725,0.16601945821922579,2.813136950578977,2.8014349982135776,20.47236677918719,,
wider_drift_exponent,leakage,nA,96h,lot_median_drift,3080,0.4853904619324155,0.4219147815611527,0.5514486585317919,5.492086943324424,5.093513714872765,5.939161466842797,0.4558309002951242,0.2165484330396471,6.5374144558619856,3.6253315361595004,47.51545866644932,,
wider_drift_exponent,leakage,nA,96h,lot_fitted_power_law,3080,0.2931134056995727,0.2606264480535667,0.3281013267140529,3.830432878986224,3.5247313853749067,4.159246420701943,0.2515911797568099,0.1791228690761163,2.859205714879518,3.06217603697702,21.12500865826212,,
wider_drift_exponent,prop_delay,ns,96h,model,3080,0.08019621288252074,0.061821472748302395,0.1017709284172214,1.14949173785943,1.0440094649258669,1.2628875775139987,0.07163280371928749,0.044527939522509656,0.883140778826587,0.8041925434079014,8.92267742058888,0.8717532467532467,0.2680609356171721
wider_drift_exponent,prop_delay,ns,96h,persistence,3080,0.0876288961038961,0.06977073051948052,0.10788753246753244,1.238093360286826,1.1218295033646284,1.3724397096786642,0.08006257607971953,0.03957816208884367,1.169320610687023,0.7399261047192478,12.45256081577376,,
wider_drift_exponent,prop_delay,ns,96h,linear,3080,0.14457832792207792,0.11497431006493505,0.18115581777597403,2.2195344393946996,2.0263613072073103,2.4186143362847337,0.14169889469292177,0.09296430993557138,1.3064847328244273,1.730919871360652,13.218957043458868,,
wider_drift_exponent,prop_delay,ns,96h,fixed_power_law,3080,0.08393365395002052,0.06605589414536452,0.10500707313640155,1.1781223301434025,1.0670979978573443,1.305358106388446,0.07537757225104695,0.03687821140418017,1.1432199140086705,0.6930325610928175,12.098196596785964,,
wider_drift_exponent,prop_delay,ns,96h,lot_median_drift,3080,0.18187355234983904,0.13864322993555056,0.2341256030318342,2.383386410702129,2.1234889377230277,2.6547096030125954,0.17680415311641035,0.06548285471199664,2.8019969671131775,1.2160417553752416,28.66200769741199,,
wider_drift_exponent,prop_delay,ns,96h,lot_fitted_power_law,3080,0.08759137777770924,0.06914233953962248,0.11057837939354163,1.2442994210515743,1.1265447215221442,1.3894514211285325,0.07984535390325945,0.04068827741065372,1.1434481944376083,0.7633967771629253,12.070115427369327,,
wider_drift_exponent,ALL,relative only,96h,model,9240,0.34483532565093294,0.2967955113270393,0.3997081558027758,2.675213761369572,2.4805789237651497,2.8780700145883924,0.2953911516763258,0.19109511686141867,3.8057504074851147,2.0525084160252693,16.69321424549437,0.841017316017316,1.2441076873786678
wider_drift_exponent,ALL,relative only,96h,persistence,9240,0.38711655844155846,0.33067363636363634,0.45238631764069265,2.8127132847853495,2.5997310698799954,3.039030498517352,0.3388066647072808,0.20048558833502883,4.588450381679389,2.0909603070960454,19.060419629867468,,
wider_drift_exponent,ALL,relative only,96h,linear,9240,0.5772966720779221,0.5110510349025974,0.6468384686147186,4.879599231952574,4.543459756145209,5.192813766538043,0.5565972380842438,0.4000117836554765,4.5682366412213735,4.170979240316948,20.83166301312404,,
wider_drift_exponent,ALL,relative only,96h,fixed_power_law,9240,0.38158211530322683,0.3298879074183194,0.4419928789292045,2.801943741905416,2.6081843109033147,3.006898567709349,0.3327214464277037,0.20090840926997072,4.448809283945001,2.10388018068294,18.516366963623597,,
wider_drift_exponent,ALL,relative only,96h,lot_median_drift,9240,0.6861707011752971,0.5812351445477401,0.8025233791056212,4.526703532671848,4.162260155834578,4.908496229582434,0.6497335173149161,0.2703405235503324,10.047111111984616,2.8236267404019273,42.865432238045905,,
wider_drift_exponent,ALL,relative only,96h,lot_fitted_power_law,9240,0.40196301757758723,0.34838268263031813,0.4628657908647637,3.027554742801673,2.799011570064722,3.282092455279068,0.3558980918138886,0.21722181812800076,4.560755362438888,2.317286917477049,19.01671365030028,,
ALL_HELD_OUT,iddq,uA,24h,model,12320,1.5104644871999922,1.336864194708851,1.690617828527853,7.285184943265295,6.457087820381333,8.306778269075044,1.3588551526389379,0.674137492224349,13.986215758503318,5.449040113345951,34.67553146296653,0.7660714285714286,4.767533141517515
ALL_HELD_OUT,iddq,uA,24h,persistence,12320,1.628457792207792,1.437353023538961,1.8164008725649348,7.378998282559346,6.681513614754723,8.211725490229723,1.4935452402818326,0.7073575264160747,15.368798449612404,5.336200123880994,37.852057119898156,,
ALL_HELD_OUT,iddq,uA,24h,linear,12320,7.3077922077922075,6.584367674512987,8.130720008116883,43.90278494225698,39.860064534936896,48.97978547861761,7.2732549110554165,5.638214966222068,32.213397932816534,40.94753240862975,87.98721098006077,,
ALL_HELD_OUT,iddq,uA,24h,fixed_power_law,12320,1.6100444669828844,1.4286133129967251,1.785241177832906,7.877835731251173,6.994512878622351,9.064770549291026,1.4845849721578441,0.7721234394767511,14.109574419936134,6.081253802570371,34.678010083381075,,
ALL_HELD_OUT,iddq,uA,24h,lot_median_drift,12320,1.9790244274304036,1.7470980617735958,2.205242595332347,8.801109007854219,7.895493843866418,9.988091393437523,1.8604886594610768,0.7706493547439144,20.004733199055988,6.04690894725418,49.88637244414371,,
ALL_HELD_OUT,iddq,uA,24h,lot_fitted_power_law,12320,1.6566785111969942,1.4715811548194675,1.8368370878236662,8.211211002218281,7.282180225787657,9.45064474153689,1.5384591200677789,0.8156787524490281,14.202134860685385,6.41771719895793,34.96531882191339,,
ALL_HELD_OUT,leakage,nA,24h,model,12320,0.5092948178366992,0.4548633939678682,0.5758291359927739,6.170404866494722,5.749338321606042,6.614371932273691,0.45750997590889797,0.25174997723552417,4.351171729440275,4.481897916145931,31.358390975961324,0.7316558441558442,1.6001132509915015
ALL_HELD_OUT,leakage,nA,24h,persistence,12320,0.5617564935064935,0.5056480925324676,0.6319275771103896,6.87167896520278,6.445163637459959,7.30074309098948,0.5168910772618218,0.2801922743807379,4.761937984496124,5.014348846960596,34.57805305463981,,
ALL_HELD_OUT,leakage,nA,24h,linear,12320,2.650426948051948,2.3546808238636365,2.9938895900974023,41.53867347510142,36.791802882075096,47.56985855141068,2.648209571214568,2.1899584271609216,9.51937984496124,38.944305253422755,80.23967539693851,,
ALL_HELD_OUT,leakage,nA,24h,fixed_power_law,12320,0.5719203598889736,0.510014805758361,0.6432450166191294,7.425401379212227,6.721953897804423,8.22272723843581,0.5310436834555168,0.31544833834859887,4.397793694133376,5.800085585227873,31.670745251748833,,
ALL_HELD_OUT,leakage,nA,24h,lot_median_drift,12320,0.669486501361783,0.5958018652895255,0.751663913566489,8.125105819263522,7.390806033237734,8.876811662981106,0.6308960664305103,0.3078444966784647,6.06421335675402,5.647997079391948,45.076911388458875,,
ALL_HELD_OUT,leakage,nA,24h,lot_fitted_power_law,12320,0.5892016257679424,0.5246698908310369,0.6635328230318144,7.734711439568385,6.967970466594708,8.61420006471524,0.5507603846548081,0.3328378800887258,4.413459775137753,6.121156296159437,31.804618010369047,,
ALL_HELD_OUT,prop_delay,ns,24h,model,12320,0.16989841444345258,0.14986624550242186,0.18988919983187147,2.4044929682949756,2.20024634470243,2.6498640702950587,0.159844708598068,0.07583985729279495,1.5729993199492573,1.3801655022199997,17.684706047496103,0.8073051948051948,0.5669198921161827
ALL_HELD_OUT,prop_delay,ns,24h,persistence,12320,0.18508287337662338,0.16521937702922077,0.20534463271103898,2.6208262282033314,2.468242289412633,2.7810818049916293,0.17650484848441425,0.07846613545816733,1.7755180878552974,1.4648210321380324,19.86531717622651,,
ALL_HELD_OUT,prop_delay,ns,24h,linear,12320,0.8675559253246754,0.7966758847402599,0.9444700324675326,14.654975522065376,13.831093919206284,15.552435633712225,0.8682820040649921,0.6797796639528841,3.668673126614987,12.701513508475148,43.79537915115167,,
ALL_HELD_OUT,prop_delay,ns,24h,fixed_power_law,12320,0.17266392742794479,0.15363147066462057,0.19171246520394836,2.4591221707903568,2.2773510436292623,2.640316956554395,0.16475637041410773,0.0744510141285503,1.6377366625116772,1.405489726512052,18.17648677238894,,
ALL_HELD_OUT,prop_delay,ns,24h,lot_median_drift,12320,0.2216247763951599,0.19688559108726858,0.2468888555993981,3.0754099129294987,2.863330237679741,3.290129288135148,0.21488148604822835,0.0829756985004286,2.289896421579356,1.5498154670665523,25.833179256512935,,
ALL_HELD_OUT,prop_delay,ns,24h,lot_fitted_power_law,12320,0.17742379886165918,0.15801431788816628,0.1966809627772552,2.5470218335514274,2.3643596751050846,2.7342270691217356,0.17017425970917638,0.07895172607032828,1.6463624971158022,1.4916594369150165,18.290192675365383,,
ALL_HELD_OUT,ALL,relative only,24h,model,36960,0.7298859064933813,0.6591147387578941,0.8018789730236979,5.286694259351664,4.874270600108597,5.724373476935364,0.6587366123819679,0.33390910891755604,6.63679560263095,3.7703678439039603,27.90620949547465,0.7683441558441558,2.311522094875067
ALL_HELD_OUT,ALL,relative only,24h,persistence,36960,0.7917657196969697,0.7195008292748918,0.8667704721320346,5.623834491988486,5.275757303714655,5.994051593578766,0.7289803886760228,0.35533864541832666,7.302084840654608,3.9384566676598745,30.765142450254828,,
ALL_HELD_OUT,ALL,relative only,24h,linear,36960,3.6085916937229436,3.3156388825757572,3.9402628584956707,33.36547797980793,30.843493239214933,36.30632208019384,3.5965821621116585,2.8359843524452915,15.133816968130924,30.86445039017588,70.67408850938365,,
ALL_HELD_OUT,ALL,relative only,24h,fixed_power_law,36960,0.7848762514332677,0.7124116272737911,0.8575369603936029,5.920786427084586,5.424765140221417,6.472305757231649,0.7267950086758229,0.3873409306513002,6.715034925527062,4.428943038103431,28.175080702506282,,
ALL_HELD_OUT,ALL,relative only,24h,lot_median_drift,36960,0.9567119017291156,0.8644065970393866,1.0488578033785216,6.6672082466824145,6.177587771462828,7.187069439470924,0.902088737313272,0.3871565166409359,9.452947659129787,4.414907164570893,40.265487696371835,,
ALL_HELD_OUT,ALL,relative only,24h,lot_fitted_power_law,36960,0.8077679786088652,0.7343971706908479,0.8810675098476446,6.1643147584460305,5.643320693170367,6.753195497226583,0.7531312548105877,0.4091561195360274,6.753985710979647,4.676844310677461,28.35337650254927,,
ALL_HELD_OUT,iddq,uA,96h,model,12320,0.9588409262086812,0.8470867873747927,1.0840996488063575,5.286113159443404,4.6862433966873205,6.075613880306701,0.7997565742751395,0.5694615588028776,6.767334693737631,4.29843586799773,20.01960412460071,0.7941558441558442,3.3836974673937927
ALL_HELD_OUT,iddq,uA,96h,persistence,12320,1.0897272727272729,0.96643924512987,1.221559375,5.399984949443812,4.85170850468525,6.141238403080933,0.9486705767413179,0.5733751948726832,8.792312661498707,4.293975590830746,21.898672358418587,,
ALL_HELD_OUT,iddq,uA,96h,linear,12320,1.5023080357142857,1.356388976258117,1.6477647778003248,8.665418305712414,7.794403717144118,9.722985532318477,1.4349719990652086,1.038482591373636,8.421337209302326,7.746932991101358,22.366750918760577,,
ALL_HELD_OUT,iddq,uA,96h,fixed_power_law,12320,1.0756231991338718,0.9609012939926433,1.1965481617970786,5.509516406560092,4.908640094140093,6.30909217019743,0.9420241492426389,0.5903079582401756,8.315222386935703,4.48453328439648,20.799510112633833,,
ALL_HELD_OUT,iddq,uA,96h,lot_median_drift,12320,1.926483010999655,1.7035828879424617,2.1682397339151875,8.074398334214639,7.426521070346244,8.86726872394401,1.8150654005940678,0.7139009564642218,20.014948646227186,5.264903512319566,49.98451101328505,,
ALL_HELD_OUT,iddq,uA,96h,lot_fitted_power_law,12320,1.1387823698070634,1.0204690367405058,1.269126760221019,6.004503717160451,5.233961220247695,6.992920414887177,1.012324241147613,0.6469268161806212,8.475945447547245,4.976472151657326,21.339972005660552,,
ALL_HELD_OUT,leakage,nA,96h,model,12320,0.3518222664390954,0.31131511773090076,0.39852248263995,4.859194874146862,4.436517271893772,5.305152845742708,0.2886042372767829,0.23432018586051373,2.1046375408064137,4.112762462887831,15.993960533574207,0.7242694805194805,1.0974819879790234
ALL_HELD_OUT,leakage,nA,96h,persistence,12320,0.3844147727272727,0.3440265422077922,0.42937100243506493,5.050444144878991,4.666707573659908,5.442415155740517,0.32165194352967685,0.22601073965009524,2.747377260981912,4.052991348315067,19.9297593763093,,
ALL_HELD_OUT,leakage,nA,96h,linear,12320,0.5448047889610389,0.49068678977272734,0.6076793476055193,8.284970328119645,7.515392453653602,9.237780590062696,0.5129726110683748,0.41621340724060274,2.4630426356589146,7.496719076953442,20.043560697583427,,
ALL_HELD_OUT,leakage,nA,96h,fixed_power_law,12320,0.3827476538598051,0.3431161004000111,0.42635695426181897,5.184603597259293,4.760310899938561,5.630445986682354,0.32367064852462657,0.23643205923611907,2.5653831261144293,4.278552261775077,18.700454656045807,,
ALL_HELD_OUT,leakage,nA,96h,lot_median_drift,12320,0.6397485158990492,0.569088611563815,0.7214345015626611,7.439832422513838,6.950818490714597,7.885848320168964,0.5926263220030634,0.27724011117412656,6.047399731601836,4.936497506813048,44.78286205646904,,
ALL_HELD_OUT,leakage,nA,96h,lot_fitted_power_law,12320,0.39818899157449955,0.3574759533761005,0.44484957802449515,5.519404000744984,5.051457103927488,6.002027809976103,0.34230115491163277,0.25480691049368814,2.5370643251133216,4.6356644070268755,18.702423831583857,,
ALL_HELD_OUT,prop_delay,ns,96h,model,12320,0.10566468829239126,0.09282927464687302,0.11851108063556275,1.5715586019653367,1.4472170840860776,1.6984596931706084,0.09341367563225461,0.06397805201753383,0.7275172754106134,1.1531397443637572,7.813243524275203,0.8054383116883117,0.36774361843980896
ALL_HELD_OUT,prop_delay,ns,96h,persistence,12320,0.11503311688311689,0.10303769277597405,0.12629452516233766,1.6963162868483372,1.5878486712064908,1.8124232372228735,0.102325364620845,0.05545210462497835,1.0038217054263567,1.056300117268793,11.243637596881182,,
ALL_HELD_OUT,prop_delay,ns,96h,linear,12320,0.16554724025974024,0.1504460049715909,0.1812986115056818,2.667360075726861,2.518993263686702,2.8159408534833754,0.16154081353373537,0.11407669322709163,0.9333494832041342,2.1082891009555875,11.007196606358804,,
ALL_HELD_OUT,prop_delay,ns,96h,fixed_power_law,12320,0.11131429888752685,0.09933543736666654,0.12214177631591815,1.649021238056739,1.5320647136704406,1.763187522411726,0.0991682457925133,0.05483914188270892,0.9537718735356246,1.0412641913060579,10.715123126665741,,
ALL_HELD_OUT,prop_delay,ns,96h,lot_median_drift,12320,0.21749933234170093,0.19294822745555437,0.2428071220717754,2.997279662653711,2.806866685515846,3.195285362270721,0.2081479700667033,0.0784820620481174,2.291263418659163,1.4628131801360498,25.887395950959803,,
ALL_HELD_OUT,prop_delay,ns,96h,lot_fitted_power_law,12320,0.11662224022749616,0.10421631472011489,0.1286544362686497,1.7499239335221033,1.6163265471463453,1.8821561121435266,0.1049040773992003,0.060204478210499755,0.9582236358970581,1.1403141696523533,10.843663382669561,,
ALL_HELD_OUT,ALL,relative only,96h,model,36960,0.47210929364672255,0.42644647291101856,0.5206390210765766,3.9056222118518673,3.5659871970496364,4.29083757285038,0.3939248290613923,0.28925326556030845,3.1998298366515527,3.1881126917497724,14.608936060816708,0.7746212121212122,1.616307691270875
ALL_HELD_OUT,ALL,relative only,96h,persistence,36960,0.5297250541125541,0.4803684354707793,0.5802844419642857,4.048915127057047,3.7636270552449567,4.405015485524708,0.45754929496394664,0.28494601304925227,4.181170542635659,3.134422352138202,17.690689777203023,,
ALL_HELD_OUT,ALL,relative only,96h,linear,36960,0.7375533549783551,0.6780669683441557,0.7964631302421536,6.5392495698529745,6.0439134941183985,7.080476288222571,0.7031618078891063,0.5229242306137768,3.9392431093884586,5.783980389670129,17.80583607423427,,
ALL_HELD_OUT,ALL,relative only,96h,fixed_power_law,36960,0.5232283839604013,0.4757673643208116,0.5713510680615526,4.114380413958708,3.791380677326664,4.502978292546504,0.45495434785325967,0.2938597197863346,3.9447924621952524,3.2681165791592046,16.738362631781794,,
ALL_HELD_OUT,ALL,relative only,96h,lot_median_drift,36960,0.9279102864134685,0.8374269112643038,1.0225689694687667,6.170503473127395,5.796683269725423,6.587386429493939,0.8719465642212783,0.3565410432288219,9.45120393216273,3.888071399756222,40.218256340237964,,
ALL_HELD_OUT,ALL,relative only,96h,lot_fitted_power_law,36960,0.5511978672030197,0.4996182399574082,0.6047048191825055,4.424610550475847,4.054863939243861,4.871425178442391,0.48650982448614866,0.32064606829493636,3.9904111361858754,3.584150242778851,16.962019739971325,,
ALL,iddq,uA,24h,model,15400,1.3835646912342467,1.2348624015163165,1.5257045016793507,6.695561761849713,5.98840210366279,7.577457922947435,1.2423167544396025,0.631239068800396,13.826927662742651,5.007240191992427,34.62016977718857,0.7833116883116883,4.575574074420727
ALL,iddq,uA,24h,persistence,15400,1.5093954545454544,1.3473225,1.670995422077922,6.8630035673105665,6.3048247223728255,7.583669029596522,1.3867758563787205,0.681543175871092,15.201958997722095,4.988491983793534,37.86716896119934,,
ALL,iddq,uA,24h,linear,15400,6.964622727272728,6.347822142857142,7.635199107142856,41.290319255771294,37.95606267947852,45.61232877895488,6.939231978315904,5.4633707478308775,31.795125284738038,38.52426069510359,87.0405498002091,,
ALL,iddq,uA,24h,fixed_power_law,15400,1.4768723374842763,1.3285526596696653,1.6236710583753338,7.2030230610914545,6.461538714523239,8.151421409418537,1.3610204071976066,0.7216434822805997,13.968254382208412,5.540110322006509,34.70737248818892,,
ALL,iddq,uA,24h,lot_median_drift,15400,1.8172104908063416,1.6255402768858973,2.018922772383515,8.098070981586561,7.350645978873559,9.039297556274553,1.70904992368274,0.7321823832858073,19.76342709378265,5.579107641722187,49.76138034549367,,
ALL,iddq,uA,24h,lot_fitted_power_law,15400,1.5193354820241476,1.3688395326690015,1.6677747793119706,7.502754171434833,6.7194889945750305,8.499125529995585,1.410420579522509,0.7616528436448972,14.051302765103282,5.842102280649457,34.96970947665718,,
ALL,leakage,nA,24h,model,15400,0.46714681474452463,0.41851183386184254,0.5216223083320913,5.739922772716517,5.371485753477921,6.136805643673936,0.41918651451264993,0.23458458971322294,4.313694231492319,4.194102234167311,31.30758320644269,0.7455844155844156,1.4854167277087706
ALL,leakage,nA,24h,persistence,15400,0.5191818181818182,0.46604724025974026,0.5762416720779221,6.4183131177905794,6.0302297548166495,6.784416816222817,0.47965101195391724,0.26492080980581184,4.724624145785877,4.716793320283688,34.56121801459593,,
ALL,leakage,nA,24h,linear,15400,2.5119233766233764,2.2657885227272727,2.7873489285714284,39.5921100880042,35.849770711919405,44.58798678475573,2.5079648912039265,2.0937708304641234,9.428109339407746,37.21593736510089,78.89368216317715,,
ALL,leakage,nA,24h,fixed_power_law,15400,0.5237141303772951,0.47102357515991633,0.5820775810711333,6.866920302471356,6.317523942296351,7.535485197077814,0.4851937681766626,0.2920304139103292,4.3557311355404815,5.368889581900025,31.644143678481452,,
ALL,leakage,nA,24h,lot_median_drift,15400,0.6168652835145213,0.552166251688326,0.6880025369146093,7.561966239009393,6.983525902688551,8.222837192143892,0.5805359169745483,0.29034207354688857,6.017514549061174,5.305102057971943,44.890191338127686,,
ALL,leakage,nA,24h,lot_fitted_power_law,15400,0.539621824983252,0.48430359069604356,0.5995122362456933,7.156328994417118,6.553716322437217,7.892615014929103,0.5031723466011763,0.30814436313107807,4.368227407007477,5.668738429766665,31.76087361839648,,
ALL,prop_delay,ns,24h,model,15400,0.15442747653321237,0.1368288501574396,0.17280005124679604,2.1967586455774715,2.0084557474044216,2.412933760502579,0.14494849868693116,0.06955603285249393,1.5581895552705622,1.2647666381282552,17.61177906946986,0.8231168831168831,0.5314446388837141
ALL,prop_delay,ns,24h,persistence,15400,0.17212324675324675,0.15532155681818183,0.18867033116883117,2.4577799289421507,2.314697258681294,2.5865755804374806,0.16453844050361782,0.07624473213056053,1.7579407744874718,1.4111284853927926,19.76925175493735,,
ALL,prop_delay,ns,24h,linear,15400,0.8281419480519481,0.7702145324675326,0.89637012987013,14.07734814565749,13.30757245794698,14.892004013908846,0.8287627653165499,0.6624409860900703,3.568813211845102,12.311898065545144,43.277651179132945,,
ALL,prop_delay,ns,24h,fixed_power_law,15400,0.15756404839048047,0.14105538476568538,0.17368008274747276,2.259617362525505,2.09837449984973,2.4300011253230944,0.14999643363228746,0.06907217748402233,1.621207498622354,1.3027087420597243,18.086755160252235,,
ALL,prop_delay,ns,24h,lot_median_drift,15400,0.2039665948796549,0.1827215900543177,0.2257511440922119,2.8661690116851233,2.672111719697627,3.0503443603605733,0.19751556626403016,0.07985446858222688,2.2567642009061353,1.488142471488285,25.65853964578363,,
ALL,prop_delay,ns,24h,lot_fitted_power_law,15400,0.16182814885390095,0.1449449527109616,0.17819590616234174,2.339909247388023,2.170730618501891,2.51538778581598,0.1548837662301976,0.07316217814746767,1.6283511859824025,1.3817120681693598,18.188359630774613,,
ALL,ALL,relative only,24h,model,46200,0.6683796608373278,0.6058880185538068,0.7249304851276207,4.877414393381234,4.517106937161066,5.267476479394086,0.6021505892130612,0.31179323045537094,6.566270483168511,3.4887030214293313,27.846510684367043,0.784004329004329,2.197478480337737
ALL,ALL,relative only,24h,persistence,46200,0.7335668398268398,0.6669109020562771,0.7935332770562772,5.246365538014432,4.942219857677094,5.567083316048406,0.6769884362787518,0.34090290593582145,7.228174639331816,3.7054712631566717,30.73254624357754,,
ALL,ALL,relative only,24h,linear,46200,3.4348960173160172,3.182412713744589,3.7066382835497826,31.65325916314433,29.512675105066474,34.127834518071666,3.4253198782787937,2.7398608547950234,14.930682611996964,29.350698708583213,69.73729438083974,,
ALL,ALL,relative only,24h,fixed_power_law,46200,0.7193835054173507,0.6537782749232468,0.7786226753938409,5.443186908696104,5.03164288581025,5.911489553229899,0.665403536335519,0.3609153578916504,6.648397672123749,4.07056954865542,28.146090442307536,,
ALL,ALL,relative only,24h,lot_median_drift,46200,0.8793474564001726,0.7944231659734241,0.956968127737757,6.175402077427026,5.733546681195618,6.659627889388589,0.8290338023071061,0.36745964180497426,9.345901947916653,4.124117390394138,40.10337044313499,,
ALL,ALL,relative only,24h,lot_fitted_power_law,46200,0.7402618186204335,0.6735061945734223,0.80046512551876,5.666330804413325,5.219275880022478,6.167197266410671,0.6894922307846276,0.38098646164114763,6.682627119364386,4.297517592861827,28.306314241942758,,
ALL,iddq,uA,96h,model,15400,0.8894348795799277,0.8015661473875985,0.9832215502122533,4.919161521303218,4.412326575264863,5.561261660517417,0.7365494374058461,0.5379032169160525,6.703720534710676,4.007893770654653,19.991405570185286,0.8056493506493506,3.2521826056813894
ALL,iddq,uA,96h,persistence,15400,1.01135,0.9057859090909091,1.1096771915584414,5.023705089339774,4.573923013877547,5.592288748031841,0.8741129880975119,0.5458442363310839,8.710751708428246,4.003626180185905,21.895670828215057,,
ALL,iddq,uA,96h,linear,15400,1.418399025974026,1.2986921996753247,1.5370183725649351,8.152255069490709,7.482848274566662,8.946133070616053,1.3568261937641868,0.9995246866822751,8.346523348519362,7.302865504251862,22.201042388851217,,
ALL,iddq,uA,96h,fixed_power_law,15400,0.996920244075326,0.898600002864923,1.090585853985934,5.115946240819764,4.634483996382473,5.714778592590882,0.8669497588199966,0.5589197101588683,8.241389211654823,4.1680589503539744,20.79387247333025,,
ALL,iddq,uA,96h,lot_median_drift,15400,1.7750087173970144,1.5734953650281605,1.9659988545889118,7.5078719216547345,6.960108726647822,8.115705280617187,1.6704774060946455,0.6872257081965534,19.766791017635164,4.94900499824973,49.831181103531115,,
ALL,iddq,uA,96h,lot_fitted_power_law,15400,1.0531882515113293,0.9491468048094305,1.1591274693936298,5.569374254201213,4.957013910591158,6.380289288852598,0.9298626008935653,0.6113350501899657,8.361379811407504,4.623398716089375,21.215680364064646,,
ALL,leakage,nA,96h,model,15400,0.32231215103275124,0.287703056942087,0.36031486642073474,4.503645675031059,4.164518686380056,4.88968785386038,0.2647255174193424,0.21717534039457667,2.0612606294923994,3.820765148201435,15.798396256602592,0.7391558441558441,1.0211033436711174
ALL,leakage,nA,96h,persistence,15400,0.3527558441558442,0.3177902272727272,0.3900966883116883,4.676972799897568,4.371755798920033,5.020391828210617,0.29529128380142955,0.2094787219391268,2.72253986332574,3.7539109190794853,19.944290149829456,,
ALL,leakage,nA,96h,linear,15400,0.513563474025974,0.46709189123376627,0.5640230113636363,7.83446877408024,7.199126022193136,8.629247266671927,0.48397262290949833,0.39648154524170226,2.45008257403189,7.106840528385612,19.869340509817597,,
ALL,leakage,nA,96h,fixed_power_law,15400,0.35153348236551296,0.3168651513777978,0.3881722928528169,4.798943402435351,4.452755625465627,5.19067963907244,0.296892709682194,0.2190651533909179,2.542541538594522,3.9583544863954434,18.702169186867636,,
ALL,leakage,nA,96h,lot_median_drift,15400,0.5903744264339473,0.5263072160895608,0.658971343885504,6.9569720679646805,6.559992671348363,7.373467514588465,0.5467127958404796,0.2634884627150705,5.99702358944708,4.682099430705198,44.58305457170296,,
ALL,leakage,nA,96h,lot_fitted_power_law,15400,0.3668694127263134,0.33203316232513824,0.4048261353856722,5.134412487196507,4.766415131905429,5.564456244226892,0.3156035354694579,0.23759370729222756,2.505071911944758,4.321899137762783,18.573272237169824,,
ALL,prop_delay,ns,96h,model,15400,0.09613845420213321,0.08592886617082253,0.1071029450187894,1.4372553216996768,1.3320925671169292,1.5551572719089026,0.08480828600956858,0.05866984125436078,0.7158641913633531,1.0550655218425706,7.758622375828257,0.8233766233766234,0.3450328881334198
ALL,prop_delay,ns,96h,persistence,15400,0.10551259740259741,0.095562112012987,0.11574445616883117,1.5603700919246142,1.4608119996170592,1.6627716028220745,0.09369013628876115,0.051776408208235786,0.9943018223234625,0.9781685261562589,11.189904417765222,,
ALL,prop_delay,ns,96h,linear,15400,0.15684446428571427,0.14516634375,0.1715194695616883,2.561673442199853,2.4415339650883072,2.6881374887985814,0.1532436577880093,0.11104694601294589,0.9143291571753985,2.054930598491504,10.943130818432941,,
ALL,prop_delay,ns,96h,fixed_power_law,15400,0.10172415156279452,0.09232773905370766,0.11169169158079995,1.5157931527822537,1.4151300656734231,1.618734436246567,0.09030217906949958,0.05082043863995222,0.9436646060793271,0.9623153814692127,10.670239844135306,,
ALL,prop_delay,ns,96h,lot_median_drift,15400,0.2001361649285301,0.1792165201540886,0.2222916589754784,2.791624497112836,2.60782672376476,2.9633394191245657,0.1916433805058027,0.07573740049230383,2.2576747265946775,1.4067541883726034,25.697190127552076,,
ALL,prop_delay,ns,96h,lot_fitted_power_law,15400,0.10670632062381333,0.09665188259706284,0.11755817290662693,1.6114669241737263,1.5034942564318277,1.728312363925522,0.09586096690971162,0.05575077953009793,0.9495040060030103,1.0549781890920829,10.815714544738217,,
ALL,ALL,relative only,96h,model,46200,0.43596182827160407,0.3994328748558032,0.4732423449059505,3.620020839344652,3.355226919653882,3.9221157159668802,0.362027746944919,0.27124946618833,3.1602817851888103,2.9612414802328866,14.516141400872046,0.7893939393939394,1.5394396124953091
ALL,ALL,relative only,96h,persistence,46200,0.4898728138528138,0.4453345357142858,0.5312453165584415,3.7536826603873195,3.5033260764832317,4.028732118094646,0.4210314693959009,0.26903312215948216,4.142531131359149,2.9119018751405497,17.676621798603247,,
ALL,ALL,relative only,96h,linear,46200,0.6962689880952381,0.6490682747564934,0.745427712797619,6.182799095256933,5.804234419207845,6.618445792765562,0.6646808248205648,0.5023510593123077,3.9036450265755507,5.488212210376325,17.671171239033917,,
ALL,ALL,relative only,96h,fixed_power_law,46200,0.48339262600121113,0.4410008149973101,0.522765810073556,3.8102275986791225,3.5443482202173775,4.120729908235256,0.41804821585723,0.2762684340632462,3.9091984521095577,3.0295762727395434,16.722093834777727,,
ALL,ALL,relative only,96h,lot_median_drift,46200,0.8551731029198305,0.7720411472631313,0.9316928672203512,5.752156162244083,5.411108157301579,6.07703455925098,0.8029445274803092,0.3421505238013092,9.340496444558973,3.6792862057758438,40.03714193426205,,
ALL,ALL,relative only,96h,lot_fitted_power_law,46200,0.508921328287152,0.4649315316236034,0.5512390412350393,4.105084555190483,3.7992363912574603,4.471940771486031,0.447109034424245,0.3015598456707637,3.938651909785091,3.33342534764808,16.868222381990897,,
