method,defect_type,n,recall
static_limits,early_saturating,163,0.024539877300613498
static_limits,latent_post_24h,188,0.02127659574468085
static_limits,progressive,170,0.07647058823529412
fixed_delta,early_saturating,163,1.0
fixed_delta,latent_post_24h,188,1.0
fixed_delta,progressive,170,1.0
static_pat,early_saturating,163,0.3619631901840491
static_pat,latent_post_24h,188,0.3617021276595745
static_pat,progressive,170,0.6235294117647059
dynamic_pat,early_saturating,163,0.558282208588957
dynamic_pat,latent_post_24h,188,0.44148936170212766
dynamic_pat,progressive,170,0.788235294117647
module_a_review,early_saturating,163,0.8588957055214724
module_a_review,latent_post_24h,188,0.75
module_a_review,progressive,170,0.9235294117647059
module_a_reject,early_saturating,163,0.8098159509202454
module_a_reject,latent_post_24h,188,0.6861702127659575
module_a_reject,progressive,170,0.8764705882352941
