family,parameter,horizon,mae_model,mae_persistence,mae_linear,mae_power_law,best_baseline,model_beats_best_baseline,coverage,target_coverage
altered_correlation,iddq,24h,1.417262454021022,1.577711038961039,6.4810010822510815,1.5399391755500556,power_law,True,0.9145021645021645,0.9
altered_correlation,iddq,96h,0.989027884016823,1.0080411255411257,1.3380086580086579,0.9949275747596211,power_law,True,0.8912337662337663,0.9
altered_correlation,leakage,24h,0.5008133213330928,0.5429653679653679,2.575097402597403,0.5256649117276849,power_law,True,0.8630952380952381,0.9
altered_correlation,leakage,96h,0.3506448176869275,0.35078463203463206,0.49380140692640684,0.3484586513480414,power_law,False,0.8311688311688312,0.9
altered_correlation,prop_delay,24h,0.15111279506214015,0.1827397186147186,0.718210497835498,0.16025713827896507,power_law,True,0.8836580086580087,0.9
altered_correlation,prop_delay,96h,0.09849044563819191,0.10558549783549781,0.1332029220779221,0.09716987128053252,power_law,False,0.8793290043290043,0.9
baseline,iddq,24h,0.9850119321488154,1.149543486816214,5.401900826446281,1.107728873846372,power_law,True,0.8976780794962613,0.9
baseline,iddq,96h,0.7048199138885609,0.7164698937426209,1.144413616686344,0.7361147918838465,persistence,True,0.8953168044077136,0.9
baseline,leakage,24h,0.34032691279482175,0.38585202676111774,2.207953561589925,0.3776703534349227,power_law,True,0.8827233372687918,0.9
baseline,leakage,96h,0.25891408180550574,0.25771743408107045,0.43694805194805186,0.27153575695293664,persistence,False,0.8236914600550964,0.9
baseline,prop_delay,24h,0.09425469257219264,0.12082526564344746,0.738870916961826,0.10144992165853742,power_law,True,0.8701298701298701,0.9
baseline,prop_delay,96h,0.06626912305886183,0.0721176702085793,0.12267483274301458,0.06958121639508086,power_law,True,0.8665879574970484,0.9
different_noise_regime,iddq,24h,1.7615142690619456,1.7641991341991343,8.955541125541126,2.120104605331225,persistence,True,0.5636363636363636,0.9
different_noise_regime,iddq,96h,1.3301405305678222,1.3951082251082252,1.8917857142857146,1.4960687172199234,persistence,True,0.6047619047619047,0.9
different_noise_regime,leakage,24h,0.6733637049746442,0.6812121212121212,3.771168831168831,0.8669688136042571,persistence,True,0.49826839826839825,0.9
different_noise_regime,leakage,96h,0.5665755321775423,0.5593506493506493,0.8257359307359307,0.6241636925810499,persistence,False,0.4367965367965368,0.9
different_noise_regime,prop_delay,24h,0.20161697956567104,0.204982683982684,1.046220779220779,0.23063989567877755,persistence,True,0.5173160173160173,0.9
different_noise_regime,prop_delay,96h,0.153355029954825,0.1581038961038961,0.22006168831168835,0.16890933040164616,persistence,True,0.4727272727272727,0.9
higher_defect_prevalence,iddq,24h,1.6920134976602303,1.954621212121212,6.827976190476191,1.7937575612634218,power_law,True,0.8603896103896104,0.9
higher_defect_prevalence,iddq,96h,1.1562624886363286,1.1626406926406927,1.5836661255411255,1.211570920281721,persistence,True,0.8528138528138528,0.9
higher_defect_prevalence,leakage,24h,0.7973536659351584,0.8476082251082252,3.407824675324675,0.8456865236385711,power_law,True,0.7748917748917749,0.9
higher_defect_prevalence,leakage,96h,0.5544092007724883,0.5517640692640693,0.7251352813852814,0.5628849822303583,persistence,False,0.7965367965367965,0.9
higher_defect_prevalence,prop_delay,24h,0.23177023853146475,0.26954329004329003,0.9940497835497835,0.23687775603726033,power_law,True,0.8365800865800865,0.9
higher_defect_prevalence,prop_delay,96h,0.14949063854734168,0.15644696969696964,0.21357034632034635,0.15358566076435315,power_law,True,0.8387445887445888,0.9
wider_drift_exponent,iddq,24h,1.0377329138905387,1.1762152133580706,5.311103896103897,1.1349246078565383,power_law,True,0.9109461966604824,0.9
wider_drift_exponent,iddq,96h,0.756417850841773,0.7781679035250464,1.0601368274582559,0.8007502710724487,persistence,True,0.87430426716141,0.9
wider_drift_exponent,leakage,24h,0.43621867974154027,0.5217764378478663,2.259234693877551,0.4913625189982843,power_law,True,0.8733766233766234,0.9
wider_drift_exponent,leakage,96h,0.31668232002104046,0.3222820037105751,0.46782815398886823,0.34025782709654206,persistence,True,0.8209647495361782,0.9
wider_drift_exponent,prop_delay,24h,0.11833982541764325,0.15725834879406306,0.5979002782931356,0.1303612158508057,power_law,True,0.8766233766233766,0.9
wider_drift_exponent,prop_delay,96h,0.07650764245797911,0.08190816326530612,0.12576020408163266,0.08000592081337203,power_law,True,0.8608534322820037,0.9
