component_id,parameter,checkpoint_hour,value,unit
LIVE-01-0000,iddq,0,9.01,uA
LIVE-01-0000,iddq,24,8.87,uA
LIVE-01-0000,iddq,96,9.27,uA
LIVE-01-0000,iddq,168,9.9,uA
LIVE-01-0000,leakage,0,2.12,nA
LIVE-01-0000,leakage,24,2.3,nA
LIVE-01-0000,leakage,96,2.12,nA
LIVE-01-0000,leakage,168,2.22,nA
LIVE-01-0000,prop_delay,0,4.249,ns
LIVE-01-0000,prop_delay,24,4.265,ns
LIVE-01-0000,prop_delay,96,4.287,ns
LIVE-01-0000,prop_delay,168,4.307,ns
LIVE-01-0001,iddq,0,13.21,uA
LIVE-01-0001,iddq,24,15.04,uA
LIVE-01-0001,iddq,96,14.36,uA
LIVE-01-0001,iddq,168,15.49,uA
LIVE-01-0001,leakage,0,2.6,nA
LIVE-01-0001,leakage,24,2.71,nA
LIVE-01-0001,leakage,96,2.32,nA
LIVE-01-0001,leakage,168,2.55,nA
LIVE-01-0001,prop_delay,0,4.062,ns
LIVE-01-0001,prop_delay,24,4.113,ns
LIVE-01-0001,prop_delay,96,4.146,ns
LIVE-01-0001,prop_delay,168,4.126,ns
LIVE-01-0002,iddq,0,11.94,uA
LIVE-01-0002,iddq,24,11.92,uA
LIVE-01-0002,iddq,96,12.02,uA
LIVE-01-0002,iddq,168,12.34,uA
LIVE-01-0002,leakage,0,2.76,nA
LIVE-01-0002,leakage,24,2.84,nA
LIVE-01-0002,leakage,96,2.81,nA
LIVE-01-0002,leakage,168,3.01,nA
LIVE-01-0002,prop_delay,0,4.496,ns
LIVE-01-0002,prop_delay,24,4.514,ns
LIVE-01-0002,prop_delay,96,4.541,ns
LIVE-01-0002,prop_delay,168,4.478,ns
LIVE-01-0003,iddq,0,9.46,uA
LIVE-01-0003,iddq,24,10.54,uA
LIVE-01-0003,iddq,96,10.99,uA
LIVE-01-0003,iddq,168,11.66,uA
LIVE-01-0003,leakage,0,2.08,nA
LIVE-01-0003,leakage,24,2.31,nA
LIVE-01-0003,leakage,96,2.22,nA
LIVE-01-0003,leakage,168,2.46,nA
LIVE-01-0003,prop_delay,0,3.951,ns
LIVE-01-0003,prop_delay,24,4.053,ns
LIVE-01-0003,prop_delay,96,4.059,ns
LIVE-01-0003,prop_delay,168,4.068,ns
LIVE-01-0004,iddq,0,10.38,uA
LIVE-01-0004,iddq,24,11.13,uA
LIVE-01-0004,iddq,96,11.23,uA
LIVE-01-0004,iddq,168,11.88,uA
LIVE-01-0004,leakage,0,2.36,nA
LIVE-01-0004,leakage,24,2.56,nA
LIVE-01-0004,leakage,96,2.33,nA
LIVE-01-0004,leakage,168,2.57,nA
LIVE-01-0004,prop_delay,0,4.331,ns
LIVE-01-0004,prop_delay,24,4.386,ns
LIVE-01-0004,prop_delay,96,4.431,ns
LIVE-01-0004,prop_delay,168,4.374,ns
LIVE-01-0005,iddq,0,10.93,uA
LIVE-01-0005,iddq,24,11.21,uA
LIVE-01-0005,iddq,96,11.25,uA
LIVE-01-0005,iddq,168,11.87,uA
LIVE-01-0005,leakage,0,2.34,nA
LIVE-01-0005,leakage,24,2.59,nA
LIVE-01-0005,leakage,96,2.37,nA
LIVE-01-0005,leakage,168,2.53,nA
LIVE-01-0005,prop_delay,0,4.787,ns
LIVE-01-0005,prop_delay,24,4.821,ns
LIVE-01-0005,prop_delay,96,4.909,ns
LIVE-01-0005,prop_delay,168,4.955,ns
LIVE-01-0006,iddq,0,8.04,uA
LIVE-01-0006,iddq,24,8.78,uA
LIVE-01-0006,iddq,96,8.96,uA
LIVE-01-0006,iddq,168,9.7,uA
LIVE-01-0006,leakage,0,2.41,nA
LIVE-01-0006,leakage,24,2.56,nA
LIVE-01-0006,leakage,96,2.41,nA
LIVE-01-0006,leakage,168,2.64,nA
LIVE-01-0006,prop_delay,0,5.05,ns
LIVE-01-0006,prop_delay,24,5.016,ns
LIVE-01-0006,prop_delay,96,5.104,ns
LIVE-01-0006,prop_delay,168,5.071,ns
LIVE-01-0007,iddq,0,9.49,uA
LIVE-01-0007,iddq,24,10.66,uA
LIVE-01-0007,iddq,96,11.0,uA
LIVE-01-0007,iddq,168,11.29,uA
LIVE-01-0007,leakage,0,2.16,nA
LIVE-01-0007,leakage,24,2.51,nA
LIVE-01-0007,leakage,96,2.44,nA
LIVE-01-0007,leakage,168,2.62,nA
LIVE-01-0007,prop_delay,0,4.399,ns
LIVE-01-0007,prop_delay,24,4.486,ns
LIVE-01-0007,prop_delay,96,4.529,ns
LIVE-01-0007,prop_delay,168,4.519,ns
LIVE-01-0008,iddq,0,9.45,uA
LIVE-01-0008,iddq,24,10.33,uA
LIVE-01-0008,iddq,96,10.64,uA
LIVE-01-0008,iddq,168,11.07,uA
LIVE-01-0008,leakage,0,2.57,nA
LIVE-01-0008,leakage,24,2.75,nA
LIVE-01-0008,leakage,96,2.63,nA
LIVE-01-0008,leakage,168,2.77,nA
LIVE-01-0008,prop_delay,0,4.354,ns
LIVE-01-0008,prop_delay,24,4.39,ns
LIVE-01-0008,prop_delay,96,4.419,ns
LIVE-01-0008,prop_delay,168,4.396,ns
LIVE-01-0009,iddq,0,8.38,uA
LIVE-01-0009,iddq,24,9.11,uA
LIVE-01-0009,iddq,96,9.41,uA
LIVE-01-0009,iddq,168,9.73,uA
LIVE-01-0009,leakage,0,2.63,nA
LIVE-01-0009,leakage,24,2.63,nA
LIVE-01-0009,leakage,96,2.55,nA
LIVE-01-0009,leakage,168,2.73,nA
LIVE-01-0009,prop_delay,0,4.015,ns
LIVE-01-0009,prop_delay,24,4.133,ns
LIVE-01-0009,prop_delay,96,4.207,ns
LIVE-01-0009,prop_delay,168,4.202,ns
LIVE-01-0010,iddq,0,6.24,uA
LIVE-01-0010,iddq,24,7.25,uA
LIVE-01-0010,iddq,96,7.15,uA
LIVE-01-0010,iddq,168,7.58,uA
LIVE-01-0010,leakage,0,2.97,nA
LIVE-01-0010,leakage,24,3.44,nA
LIVE-01-0010,leakage,96,3.54,nA
LIVE-01-0010,leakage,168,3.62,nA
LIVE-01-0010,prop_delay,0,4.578,ns
LIVE-01-0010,prop_delay,24,4.602,ns
LIVE-01-0010,prop_delay,96,4.64,ns
LIVE-01-0010,prop_delay,168,4.644,ns
LIVE-01-0011,iddq,0,11.09,uA
LIVE-01-0011,iddq,24,12.01,uA
LIVE-01-0011,iddq,96,12.41,uA
LIVE-01-0011,iddq,168,12.21,uA
LIVE-01-0011,leakage,0,2.42,nA
LIVE-01-0011,leakage,24,2.68,nA
LIVE-01-0011,leakage,96,2.47,nA
LIVE-01-0011,leakage,168,2.7,nA
LIVE-01-0011,prop_delay,0,4.611,ns
LIVE-01-0011,prop_delay,24,4.697,ns
LIVE-01-0011,prop_delay,96,4.791,ns
LIVE-01-0011,prop_delay,168,4.812,ns
LIVE-01-0012,iddq,0,11.09,uA
LIVE-01-0012,iddq,24,11.74,uA
LIVE-01-0012,iddq,96,11.24,uA
LIVE-01-0012,iddq,168,11.9,uA
LIVE-01-0012,leakage,0,2.63,nA
LIVE-01-0012,leakage,24,2.71,nA
LIVE-01-0012,leakage,96,2.66,nA
LIVE-01-0012,leakage,168,2.72,nA
LIVE-01-0012,prop_delay,0,4.14,ns
LIVE-01-0012,prop_delay,24,4.208,ns
LIVE-01-0012,prop_delay,96,4.189,ns
LIVE-01-0012,prop_delay,168,4.263,ns
LIVE-01-0013,iddq,0,10.51,uA
LIVE-01-0013,iddq,24,11.64,uA
LIVE-01-0013,iddq,96,11.45,uA
LIVE-01-0013,iddq,168,12.39,uA
LIVE-01-0013,leakage,0,3.03,nA
LIVE-01-0013,leakage,24,3.13,nA
LIVE-01-0013,leakage,96,2.96,nA
LIVE-01-0013,leakage,168,3.09,nA
LIVE-01-0013,prop_delay,0,5.161,ns
LIVE-01-0013,prop_delay,24,5.385,ns
LIVE-01-0013,prop_delay,96,5.437,ns
LIVE-01-0013,prop_delay,168,5.488,ns
LIVE-01-0014,iddq,0,12.4,uA
LIVE-01-0014,iddq,24,12.73,uA
LIVE-01-0014,iddq,96,12.83,uA
LIVE-01-0014,iddq,168,13.69,uA
LIVE-01-0014,leakage,0,2.81,nA
LIVE-01-0014,leakage,24,3.09,nA
LIVE-01-0014,leakage,96,3.02,nA
LIVE-01-0014,leakage,168,3.21,nA
LIVE-01-0014,prop_delay,0,5.294,ns
LIVE-01-0014,prop_delay,24,5.346,ns
LIVE-01-0014,prop_delay,96,5.48,ns
LIVE-01-0014,prop_delay,168,5.44,ns
LIVE-01-0015,iddq,0,10.72,uA
LIVE-01-0015,iddq,24,11.86,uA
LIVE-01-0015,iddq,96,12.4,uA
LIVE-01-0015,iddq,168,12.72,uA
LIVE-01-0015,leakage,0,3.47,nA
LIVE-01-0015,leakage,24,3.76,nA
LIVE-01-0015,leakage,96,3.51,nA
LIVE-01-0015,leakage,168,3.71,nA
LIVE-01-0015,prop_delay,0,4.726,ns
LIVE-01-0015,prop_delay,24,4.722,ns
LIVE-01-0015,prop_delay,96,4.819,ns
LIVE-01-0015,prop_delay,168,4.758,ns
LIVE-01-0016,iddq,0,9.73,uA
LIVE-01-0016,iddq,24,11.01,uA
LIVE-01-0016,iddq,96,10.89,uA
LIVE-01-0016,iddq,168,11.75,uA
LIVE-01-0016,leakage,0,2.27,nA
LIVE-01-0016,leakage,24,2.31,nA
LIVE-01-0016,leakage,96,2.25,nA
LIVE-01-0016,leakage,168,2.31,nA
LIVE-01-0016,prop_delay,0,3.703,ns
LIVE-01-0016,prop_delay,24,3.785,ns
LIVE-01-0016,prop_delay,96,3.803,ns
LIVE-01-0016,prop_delay,168,3.812,ns
LIVE-01-0017,iddq,0,10.08,uA
LIVE-01-0017,iddq,24,11.14,uA
LIVE-01-0017,iddq,96,11.27,uA
LIVE-01-0017,iddq,168,11.86,uA
LIVE-01-0017,leakage,0,2.01,nA
LIVE-01-0017,leakage,24,2.31,nA
LIVE-01-0017,leakage,96,2.14,nA
LIVE-01-0017,leakage,168,2.3,nA
LIVE-01-0017,prop_delay,0,4.297,ns
LIVE-01-0017,prop_delay,24,4.319,ns
LIVE-01-0017,prop_delay,96,4.387,ns
LIVE-01-0017,prop_delay,168,4.346,ns
LIVE-01-0018,iddq,0,10.95,uA
LIVE-01-0018,iddq,24,11.57,uA
LIVE-01-0018,iddq,96,11.73,uA
LIVE-01-0018,iddq,168,12.13,uA
LIVE-01-0018,leakage,0,2.31,nA
LIVE-01-0018,leakage,24,2.4,nA
LIVE-01-0018,leakage,96,2.24,nA
LIVE-01-0018,leakage,168,2.48,nA
LIVE-01-0018,prop_delay,0,4.962,ns
LIVE-01-0018,prop_delay,24,5.034,ns
LIVE-01-0018,prop_delay,96,5.049,ns
LIVE-01-0018,prop_delay,168,5.081,ns
LIVE-01-0019,iddq,0,9.43,uA
LIVE-01-0019,iddq,24,10.73,uA
LIVE-01-0019,iddq,96,9.9,uA
LIVE-01-0019,iddq,168,10.69,uA
LIVE-01-0019,leakage,0,2.79,nA
LIVE-01-0019,leakage,24,2.94,nA
LIVE-01-0019,leakage,96,2.84,nA
LIVE-01-0019,leakage,168,2.99,nA
LIVE-01-0019,prop_delay,0,4.369,ns
LIVE-01-0019,prop_delay,24,4.466,ns
LIVE-01-0019,prop_delay,96,4.542,ns
LIVE-01-0019,prop_delay,168,4.528,ns
LIVE-01-0020,iddq,0,8.56,uA
LIVE-01-0020,iddq,24,9.44,uA
LIVE-01-0020,iddq,96,9.44,uA
LIVE-01-0020,iddq,168,10.14,uA
LIVE-01-0020,leakage,0,2.31,nA
LIVE-01-0020,leakage,24,2.61,nA
LIVE-01-0020,leakage,96,2.47,nA
LIVE-01-0020,leakage,168,2.58,nA
LIVE-01-0020,prop_delay,0,4.713,ns
LIVE-01-0020,prop_delay,24,4.768,ns
LIVE-01-0020,prop_delay,96,4.794,ns
LIVE-01-0020,prop_delay,168,4.833,ns
LIVE-01-0021,iddq,0,9.54,uA
LIVE-01-0021,iddq,24,10.33,uA
LIVE-01-0021,iddq,96,10.75,uA
LIVE-01-0021,iddq,168,10.73,uA
LIVE-01-0021,leakage,0,2.41,nA
LIVE-01-0021,leakage,24,2.47,nA
LIVE-01-0021,leakage,96,2.47,nA
LIVE-01-0021,leakage,168,2.61,nA
LIVE-01-0021,prop_delay,0,4.299,ns
LIVE-01-0021,prop_delay,24,4.511,ns
LIVE-01-0021,prop_delay,96,4.574,ns
LIVE-01-0021,prop_delay,168,4.64,ns
LIVE-01-0022,iddq,0,10.77,uA
LIVE-01-0022,iddq,24,11.8,uA
LIVE-01-0022,iddq,96,11.85,uA
LIVE-01-0022,iddq,168,12.24,uA
LIVE-01-0022,leakage,0,2.54,nA
LIVE-01-0022,leakage,24,2.77,nA
LIVE-01-0022,leakage,96,2.72,nA
LIVE-01-0022,leakage,168,2.87,nA
LIVE-01-0022,prop_delay,0,4.428,ns
LIVE-01-0022,prop_delay,24,4.478,ns
LIVE-01-0022,prop_delay,96,4.495,ns
LIVE-01-0022,prop_delay,168,4.474,ns
LIVE-01-0023,iddq,0,8.85,uA
LIVE-01-0023,iddq,24,9.75,uA
LIVE-01-0023,iddq,96,9.61,uA
LIVE-01-0023,iddq,168,9.72,uA
LIVE-01-0023,leakage,0,2.47,nA
LIVE-01-0023,leakage,24,2.66,nA
LIVE-01-0023,leakage,96,2.59,nA
LIVE-01-0023,leakage,168,2.76,nA
LIVE-01-0023,prop_delay,0,4.398,ns
LIVE-01-0023,prop_delay,24,4.484,ns
LIVE-01-0023,prop_delay,96,4.508,ns
LIVE-01-0023,prop_delay,168,4.53,ns
LIVE-01-0024,iddq,0,9.02,uA
LIVE-01-0024,iddq,24,9.7,uA
LIVE-01-0024,iddq,96,10.33,uA
LIVE-01-0024,iddq,168,10.79,uA
LIVE-01-0024,leakage,0,2.4,nA
LIVE-01-0024,leakage,24,2.64,nA
LIVE-01-0024,leakage,96,2.49,nA
LIVE-01-0024,leakage,168,2.66,nA
LIVE-01-0024,prop_delay,0,4.123,ns
LIVE-01-0024,prop_delay,24,4.147,ns
LIVE-01-0024,prop_delay,96,4.19,ns
LIVE-01-0024,prop_delay,168,4.183,ns
LIVE-01-0025,iddq,0,9.46,uA
LIVE-01-0025,iddq,24,9.74,uA
LIVE-01-0025,iddq,96,9.81,uA
LIVE-01-0025,iddq,168,10.49,uA
LIVE-01-0025,leakage,0,2.52,nA
LIVE-01-0025,leakage,24,2.81,nA
LIVE-01-0025,leakage,96,2.61,nA
LIVE-01-0025,leakage,168,2.76,nA
LIVE-01-0025,prop_delay,0,4.806,ns
LIVE-01-0025,prop_delay,24,4.872,ns
LIVE-01-0025,prop_delay,96,4.884,ns
LIVE-01-0025,prop_delay,168,4.873,ns
LIVE-01-0026,iddq,0,9.55,uA
LIVE-01-0026,iddq,24,10.14,uA
LIVE-01-0026,iddq,96,10.33,uA
LIVE-01-0026,iddq,168,10.77,uA
LIVE-01-0026,leakage,0,2.51,nA
LIVE-01-0026,leakage,24,2.64,nA
LIVE-01-0026,leakage,96,2.55,nA
LIVE-01-0026,leakage,168,2.76,nA
LIVE-01-0026,prop_delay,0,4.554,ns
LIVE-01-0026,prop_delay,24,4.757,ns
LIVE-01-0026,prop_delay,96,4.749,ns
LIVE-01-0026,prop_delay,168,4.788,ns
LIVE-01-0027,iddq,0,11.18,uA
LIVE-01-0027,iddq,24,11.91,uA
LIVE-01-0027,iddq,96,11.65,uA
LIVE-01-0027,iddq,168,12.36,uA
LIVE-01-0027,leakage,0,2.96,nA
LIVE-01-0027,leakage,24,3.28,nA
LIVE-01-0027,leakage,96,3.04,nA
LIVE-01-0027,leakage,168,3.17,nA
LIVE-01-0027,prop_delay,0,4.053,ns
LIVE-01-0027,prop_delay,24,4.118,ns
LIVE-01-0027,prop_delay,96,4.081,ns
LIVE-01-0027,prop_delay,168,4.104,ns
LIVE-01-0028,iddq,0,7.7,uA
LIVE-01-0028,iddq,24,8.3,uA
LIVE-01-0028,iddq,96,8.23,uA
LIVE-01-0028,iddq,168,9.02,uA
LIVE-01-0028,leakage,0,2.27,nA
LIVE-01-0028,leakage,24,2.47,nA
LIVE-01-0028,leakage,96,2.33,nA
LIVE-01-0028,leakage,168,2.55,nA
LIVE-01-0028,prop_delay,0,4.269,ns
LIVE-01-0028,prop_delay,24,4.408,ns
LIVE-01-0028,prop_delay,96,4.397,ns
LIVE-01-0028,prop_delay,168,4.425,ns
LIVE-01-0029,iddq,0,9.86,uA
LIVE-01-0029,iddq,24,10.36,uA
LIVE-01-0029,iddq,96,9.82,uA
LIVE-01-0029,iddq,168,10.6,uA
LIVE-01-0029,leakage,0,2.34,nA
LIVE-01-0029,leakage,24,2.4,nA
LIVE-01-0029,leakage,96,2.38,nA
LIVE-01-0029,leakage,168,2.46,nA
LIVE-01-0029,prop_delay,0,4.005,ns
LIVE-01-0029,prop_delay,24,4.093,ns
LIVE-01-0029,prop_delay,96,4.158,ns
LIVE-01-0029,prop_delay,168,4.165,ns
LIVE-01-0030,iddq,0,7.85,uA
LIVE-01-0030,iddq,24,8.65,uA
LIVE-01-0030,iddq,96,8.48,uA
LIVE-01-0030,iddq,168,8.95,uA
LIVE-01-0030,leakage,0,2.6,nA
LIVE-01-0030,leakage,24,2.79,nA
LIVE-01-0030,leakage,96,2.58,nA
LIVE-01-0030,leakage,168,2.82,nA
LIVE-01-0030,prop_delay,0,3.433,ns
LIVE-01-0030,prop_delay,24,3.533,ns
LIVE-01-0030,prop_delay,96,3.518,ns
LIVE-01-0030,prop_delay,168,3.522,ns
LIVE-01-0031,iddq,0,7.46,uA
LIVE-01-0031,iddq,24,8.34,uA
LIVE-01-0031,iddq,96,8.37,uA
LIVE-01-0031,iddq,168,8.72,uA
LIVE-01-0031,leakage,0,2.75,nA
LIVE-01-0031,leakage,24,3.0,nA
LIVE-01-0031,leakage,96,2.92,nA
LIVE-01-0031,leakage,168,3.08,nA
LIVE-01-0031,prop_delay,0,3.978,ns
LIVE-01-0031,prop_delay,24,4.069,ns
LIVE-01-0031,prop_delay,96,4.092,ns
LIVE-01-0031,prop_delay,168,4.113,ns
LIVE-01-0032,iddq,0,7.82,uA
LIVE-01-0032,iddq,24,8.16,uA
LIVE-01-0032,iddq,96,8.29,uA
LIVE-01-0032,iddq,168,8.59,uA
LIVE-01-0032,leakage,0,2.16,nA
LIVE-01-0032,leakage,24,2.34,nA
LIVE-01-0032,leakage,96,2.19,nA
LIVE-01-0032,leakage,168,2.32,nA
LIVE-01-0032,prop_delay,0,4.392,ns
LIVE-01-0032,prop_delay,24,4.524,ns
LIVE-01-0032,prop_delay,96,4.537,ns
LIVE-01-0032,prop_delay,168,4.555,ns
LIVE-01-0033,iddq,0,11.61,uA
LIVE-01-0033,iddq,24,12.24,uA
LIVE-01-0033,iddq,96,12.37,uA
LIVE-01-0033,iddq,168,12.82,uA
LIVE-01-0033,leakage,0,2.69,nA
LIVE-01-0033,leakage,24,2.85,nA
LIVE-01-0033,leakage,96,2.72,nA
LIVE-01-0033,leakage,168,2.85,nA
LIVE-01-0033,prop_delay,0,5.133,ns
LIVE-01-0033,prop_delay,24,5.186,ns
LIVE-01-0033,prop_delay,96,5.177,ns
LIVE-01-0033,prop_delay,168,5.192,ns
LIVE-01-0034,iddq,0,8.56,uA
LIVE-01-0034,iddq,24,9.69,uA
LIVE-01-0034,iddq,96,9.44,uA
LIVE-01-0034,iddq,168,10.01,uA
LIVE-01-0034,leakage,0,3.14,nA
LIVE-01-0034,leakage,24,3.38,nA
LIVE-01-0034,leakage,96,3.28,nA
LIVE-01-0034,leakage,168,3.32,nA
LIVE-01-0034,prop_delay,0,4.19,ns
LIVE-01-0034,prop_delay,24,4.208,ns
LIVE-01-0034,prop_delay,96,4.25,ns
LIVE-01-0034,prop_delay,168,4.226,ns
LIVE-01-0035,iddq,0,11.11,uA
LIVE-01-0035,iddq,24,11.91,uA
LIVE-01-0035,iddq,96,12.46,uA
LIVE-01-0035,iddq,168,12.51,uA
LIVE-01-0035,leakage,0,1.97,nA
LIVE-01-0035,leakage,24,2.28,nA
LIVE-01-0035,leakage,96,2.12,nA
LIVE-01-0035,leakage,168,2.35,nA
LIVE-01-0035,prop_delay,0,4.599,ns
LIVE-01-0035,prop_delay,24,4.757,ns
LIVE-01-0035,prop_delay,96,4.817,ns
LIVE-01-0035,prop_delay,168,4.76,ns
LIVE-01-0036,iddq,0,8.25,uA
LIVE-01-0036,iddq,24,8.69,uA
LIVE-01-0036,iddq,96,8.61,uA
LIVE-01-0036,iddq,168,9.25,uA
LIVE-01-0036,leakage,0,2.65,nA
LIVE-01-0036,leakage,24,2.99,nA
LIVE-01-0036,leakage,96,2.81,nA
LIVE-01-0036,leakage,168,3.08,nA
LIVE-01-0036,prop_delay,0,4.284,ns
LIVE-01-0036,prop_delay,24,4.428,ns
LIVE-01-0036,prop_delay,96,4.491,ns
LIVE-01-0036,prop_delay,168,4.48,ns
LIVE-01-0037,iddq,0,11.39,uA
LIVE-01-0037,iddq,24,12.29,uA
LIVE-01-0037,iddq,96,12.82,uA
LIVE-01-0037,iddq,168,13.34,uA
LIVE-01-0037,leakage,0,2.05,nA
LIVE-01-0037,leakage,24,2.25,nA
LIVE-01-0037,leakage,96,2.15,nA
LIVE-01-0037,leakage,168,2.32,nA
LIVE-01-0037,prop_delay,0,4.063,ns
LIVE-01-0037,prop_delay,24,4.263,ns
LIVE-01-0037,prop_delay,96,4.403,ns
LIVE-01-0037,prop_delay,168,4.406,ns
LIVE-01-0038,iddq,0,9.42,uA
LIVE-01-0038,iddq,24,10.46,uA
LIVE-01-0038,iddq,96,10.49,uA
LIVE-01-0038,iddq,168,10.69,uA
LIVE-01-0038,leakage,0,2.6,nA
LIVE-01-0038,leakage,24,2.81,nA
LIVE-01-0038,leakage,96,2.61,nA
LIVE-01-0038,leakage,168,2.74,nA
LIVE-01-0038,prop_delay,0,4.439,ns
LIVE-01-0038,prop_delay,24,4.533,ns
LIVE-01-0038,prop_delay,96,4.58,ns
LIVE-01-0038,prop_delay,168,4.554,ns
LIVE-01-0039,iddq,0,11.58,uA
LIVE-01-0039,iddq,24,12.01,uA
LIVE-01-0039,iddq,96,12.11,uA
LIVE-01-0039,iddq,168,12.72,uA
LIVE-01-0039,leakage,0,3.29,nA
LIVE-01-0039,leakage,24,4.05,nA
LIVE-01-0039,leakage,96,3.94,nA
LIVE-01-0039,leakage,168,4.07,nA
LIVE-01-0039,prop_delay,0,3.669,ns
LIVE-01-0039,prop_delay,24,3.679,ns
LIVE-01-0039,prop_delay,96,3.738,ns
LIVE-01-0039,prop_delay,168,3.742,ns
LIVE-01-0040,iddq,0,10.61,uA
LIVE-01-0040,iddq,24,12.16,uA
LIVE-01-0040,iddq,96,12.35,uA
LIVE-01-0040,iddq,168,12.68,uA
LIVE-01-0040,leakage,0,2.12,nA
LIVE-01-0040,leakage,24,2.29,nA
LIVE-01-0040,leakage,96,2.15,nA
LIVE-01-0040,leakage,168,2.17,nA
LIVE-01-0040,prop_delay,0,4.17,ns
LIVE-01-0040,prop_delay,24,4.255,ns
LIVE-01-0040,prop_delay,96,4.318,ns
LIVE-01-0040,prop_delay,168,4.309,ns
LIVE-01-0041,iddq,0,8.49,uA
LIVE-01-0041,iddq,24,9.66,uA
LIVE-01-0041,iddq,96,9.79,uA
LIVE-01-0041,iddq,168,10.04,uA
LIVE-01-0041,leakage,0,2.63,nA
LIVE-01-0041,leakage,24,2.94,nA
LIVE-01-0041,leakage,96,2.87,nA
LIVE-01-0041,leakage,168,2.99,nA
LIVE-01-0041,prop_delay,0,3.915,ns
LIVE-01-0041,prop_delay,24,4.033,ns
LIVE-01-0041,prop_delay,96,4.106,ns
LIVE-01-0041,prop_delay,168,4.02,ns
LIVE-01-0042,iddq,0,8.96,uA
LIVE-01-0042,iddq,24,9.7,uA
LIVE-01-0042,iddq,96,9.93,uA
LIVE-01-0042,iddq,168,10.48,uA
LIVE-01-0042,leakage,0,2.5,nA
LIVE-01-0042,leakage,24,2.59,nA
LIVE-01-0042,leakage,96,2.44,nA
LIVE-01-0042,leakage,168,2.6,nA
LIVE-01-0042,prop_delay,0,4.219,ns
LIVE-01-0042,prop_delay,24,4.274,ns
LIVE-01-0042,prop_delay,96,4.335,ns
LIVE-01-0042,prop_delay,168,4.322,ns
LIVE-01-0043,iddq,0,8.89,uA
LIVE-01-0043,iddq,24,9.66,uA
LIVE-01-0043,iddq,96,9.83,uA
LIVE-01-0043,iddq,168,10.68,uA
LIVE-01-0043,leakage,0,2.13,nA
LIVE-01-0043,leakage,24,2.28,nA
LIVE-01-0043,leakage,96,2.09,nA
LIVE-01-0043,leakage,168,2.21,nA
LIVE-01-0043,prop_delay,0,4.436,ns
LIVE-01-0043,prop_delay,24,4.467,ns
LIVE-01-0043,prop_delay,96,4.496,ns
LIVE-01-0043,prop_delay,168,4.479,ns
LIVE-01-0044,iddq,0,8.83,uA
LIVE-01-0044,iddq,24,9.65,uA
LIVE-01-0044,iddq,96,9.96,uA
LIVE-01-0044,iddq,168,10.47,uA
LIVE-01-0044,leakage,0,1.98,nA
LIVE-01-0044,leakage,24,2.15,nA
LIVE-01-0044,leakage,96,2.13,nA
LIVE-01-0044,leakage,168,2.24,nA
LIVE-01-0044,prop_delay,0,4.782,ns
LIVE-01-0044,prop_delay,24,5.118,ns
LIVE-01-0044,prop_delay,96,5.194,ns
LIVE-01-0044,prop_delay,168,5.185,ns
LIVE-01-0045,iddq,0,11.71,uA
LIVE-01-0045,iddq,24,11.54,uA
LIVE-01-0045,iddq,96,11.79,uA
LIVE-01-0045,iddq,168,12.4,uA
LIVE-01-0045,leakage,0,2.31,nA
LIVE-01-0045,leakage,24,2.42,nA
LIVE-01-0045,leakage,96,2.31,nA
LIVE-01-0045,leakage,168,2.53,nA
LIVE-01-0045,prop_delay,0,4.622,ns
LIVE-01-0045,prop_delay,24,4.746,ns
LIVE-01-0045,prop_delay,96,4.745,ns
LIVE-01-0045,prop_delay,168,4.772,ns
LIVE-01-0046,iddq,0,11.01,uA
LIVE-01-0046,iddq,24,12.54,uA
LIVE-01-0046,iddq,96,11.7,uA
LIVE-01-0046,iddq,168,12.43,uA
LIVE-01-0046,leakage,0,2.14,nA
LIVE-01-0046,leakage,24,2.51,nA
LIVE-01-0046,leakage,96,2.34,nA
LIVE-01-0046,leakage,168,2.54,nA
LIVE-01-0046,prop_delay,0,4.024,ns
LIVE-01-0046,prop_delay,24,4.037,ns
LIVE-01-0046,prop_delay,96,4.077,ns
LIVE-01-0046,prop_delay,168,4.056,ns
LIVE-01-0047,iddq,0,11.84,uA
LIVE-01-0047,iddq,24,12.58,uA
LIVE-01-0047,iddq,96,12.05,uA
LIVE-01-0047,iddq,168,13.16,uA
LIVE-01-0047,leakage,0,2.67,nA
LIVE-01-0047,leakage,24,2.75,nA
LIVE-01-0047,leakage,96,2.54,nA
LIVE-01-0047,leakage,168,2.79,nA
LIVE-01-0047,prop_delay,0,3.951,ns
LIVE-01-0047,prop_delay,24,4.024,ns
LIVE-01-0047,prop_delay,96,4.063,ns
LIVE-01-0047,prop_delay,168,4.037,ns
LIVE-01-0048,iddq,0,12.29,uA
LIVE-01-0048,iddq,24,13.16,uA
LIVE-01-0048,iddq,96,13.23,uA
LIVE-01-0048,iddq,168,13.61,uA
LIVE-01-0048,leakage,0,2.68,nA
LIVE-01-0048,leakage,24,2.9,nA
LIVE-01-0048,leakage,96,2.77,nA
LIVE-01-0048,leakage,168,2.8,nA
LIVE-01-0048,prop_delay,0,3.738,ns
LIVE-01-0048,prop_delay,24,3.843,ns
LIVE-01-0048,prop_delay,96,3.867,ns
LIVE-01-0048,prop_delay,168,3.895,ns
LIVE-01-0049,iddq,0,10.42,uA
LIVE-01-0049,iddq,24,11.98,uA
LIVE-01-0049,iddq,96,11.89,uA
LIVE-01-0049,iddq,168,13.15,uA
LIVE-01-0049,leakage,0,2.22,nA
LIVE-01-0049,leakage,24,2.39,nA
LIVE-01-0049,leakage,96,2.31,nA
LIVE-01-0049,leakage,168,2.39,nA
LIVE-01-0049,prop_delay,0,4.335,ns
LIVE-01-0049,prop_delay,24,4.408,ns
LIVE-01-0049,prop_delay,96,4.421,ns
LIVE-01-0049,prop_delay,168,4.406,ns
LIVE-01-0050,iddq,0,11.28,uA
LIVE-01-0050,iddq,24,11.77,uA
LIVE-01-0050,iddq,96,12.06,uA
LIVE-01-0050,iddq,168,12.62,uA
LIVE-01-0050,leakage,0,2.41,nA
LIVE-01-0050,leakage,24,2.61,nA
LIVE-01-0050,leakage,96,2.4,nA
LIVE-01-0050,leakage,168,2.63,nA
LIVE-01-0050,prop_delay,0,4.336,ns
LIVE-01-0050,prop_delay,24,4.421,ns
LIVE-01-0050,prop_delay,96,4.511,ns
LIVE-01-0050,prop_delay,168,4.491,ns
LIVE-01-0051,iddq,0,11.48,uA
LIVE-01-0051,iddq,24,12.61,uA
LIVE-01-0051,iddq,96,12.7,uA
LIVE-01-0051,iddq,168,13.05,uA
LIVE-01-0051,leakage,0,2.84,nA
LIVE-01-0051,leakage,24,2.89,nA
LIVE-01-0051,leakage,96,2.63,nA
LIVE-01-0051,leakage,168,2.82,nA
LIVE-01-0051,prop_delay,0,5.252,ns
LIVE-01-0051,prop_delay,24,5.377,ns
LIVE-01-0051,prop_delay,96,5.43,ns
LIVE-01-0051,prop_delay,168,5.404,ns
LIVE-01-0052,iddq,0,13.41,uA
LIVE-01-0052,iddq,24,13.88,uA
LIVE-01-0052,iddq,96,14.82,uA
LIVE-01-0052,iddq,168,15.27,uA
LIVE-01-0052,leakage,0,1.94,nA
LIVE-01-0052,leakage,24,2.15,nA
LIVE-01-0052,leakage,96,1.98,nA
LIVE-01-0052,leakage,168,2.18,nA
LIVE-01-0052,prop_delay,0,4.332,ns
LIVE-01-0052,prop_delay,24,4.397,ns
LIVE-01-0052,prop_delay,96,4.453,ns
LIVE-01-0052,prop_delay,168,4.445,ns
LIVE-01-0053,iddq,0,11.74,uA
LIVE-01-0053,iddq,24,11.87,uA
LIVE-01-0053,iddq,96,12.21,uA
LIVE-01-0053,iddq,168,12.94,uA
LIVE-01-0053,leakage,0,2.29,nA
LIVE-01-0053,leakage,24,2.45,nA
LIVE-01-0053,leakage,96,2.27,nA
LIVE-01-0053,leakage,168,2.4,nA
LIVE-01-0053,prop_delay,0,4.098,ns
LIVE-01-0053,prop_delay,24,4.163,ns
LIVE-01-0053,prop_delay,96,4.224,ns
LIVE-01-0053,prop_delay,168,4.196,ns
LIVE-01-0054,iddq,0,9.5,uA
LIVE-01-0054,iddq,24,10.61,uA
LIVE-01-0054,iddq,96,10.85,uA
LIVE-01-0054,iddq,168,11.02,uA
LIVE-01-0054,leakage,0,2.49,nA
LIVE-01-0054,leakage,24,2.53,nA
LIVE-01-0054,leakage,96,2.47,nA
LIVE-01-0054,leakage,168,2.53,nA
LIVE-01-0054,prop_delay,0,3.849,ns
LIVE-01-0054,prop_delay,24,3.904,ns
LIVE-01-0054,prop_delay,96,3.916,ns
LIVE-01-0054,prop_delay,168,3.9,ns
LIVE-01-0055,iddq,0,10.63,uA
LIVE-01-0055,iddq,24,11.1,uA
LIVE-01-0055,iddq,96,11.28,uA
LIVE-01-0055,iddq,168,11.55,uA
LIVE-01-0055,leakage,0,3.01,nA
LIVE-01-0055,leakage,24,3.19,nA
LIVE-01-0055,leakage,96,3.05,nA
LIVE-01-0055,leakage,168,3.27,nA
LIVE-01-0055,prop_delay,0,4.64,ns
LIVE-01-0055,prop_delay,24,4.842,ns
LIVE-01-0055,prop_delay,96,4.848,ns
LIVE-01-0055,prop_delay,168,4.857,ns
LIVE-01-0056,iddq,0,8.51,uA
LIVE-01-0056,iddq,24,9.23,uA
LIVE-01-0056,iddq,96,9.23,uA
LIVE-01-0056,iddq,168,9.57,uA
LIVE-01-0056,leakage,0,2.29,nA
LIVE-01-0056,leakage,24,2.43,nA
LIVE-01-0056,leakage,96,2.33,nA
LIVE-01-0056,leakage,168,2.44,nA
LIVE-01-0056,prop_delay,0,4.457,ns
LIVE-01-0056,prop_delay,24,4.64,ns
LIVE-01-0056,prop_delay,96,4.683,ns
LIVE-01-0056,prop_delay,168,4.632,ns
LIVE-01-0057,iddq,0,10.09,uA
LIVE-01-0057,iddq,24,11.33,uA
LIVE-01-0057,iddq,96,10.52,uA
LIVE-01-0057,iddq,168,11.67,uA
LIVE-01-0057,leakage,0,2.75,nA
LIVE-01-0057,leakage,24,3.01,nA
LIVE-01-0057,leakage,96,2.87,nA
LIVE-01-0057,leakage,168,2.92,nA
LIVE-01-0057,prop_delay,0,4.849,ns
LIVE-01-0057,prop_delay,24,4.835,ns
LIVE-01-0057,prop_delay,96,4.858,ns
LIVE-01-0057,prop_delay,168,4.871,ns
LIVE-01-0058,iddq,0,8.51,uA
LIVE-01-0058,iddq,24,9.36,uA
LIVE-01-0058,iddq,96,9.71,uA
LIVE-01-0058,iddq,168,10.22,uA
LIVE-01-0058,leakage,0,2.35,nA
LIVE-01-0058,leakage,24,2.53,nA
LIVE-01-0058,leakage,96,2.24,nA
LIVE-01-0058,leakage,168,2.4,nA
LIVE-01-0058,prop_delay,0,4.599,ns
LIVE-01-0058,prop_delay,24,4.665,ns
LIVE-01-0058,prop_delay,96,4.691,ns
LIVE-01-0058,prop_delay,168,4.674,ns
LIVE-01-0059,iddq,0,9.93,uA
LIVE-01-0059,iddq,24,11.52,uA
LIVE-01-0059,iddq,96,11.66,uA
LIVE-01-0059,iddq,168,12.16,uA
LIVE-01-0059,leakage,0,2.37,nA
LIVE-01-0059,leakage,24,2.53,nA
LIVE-01-0059,leakage,96,2.33,nA
LIVE-01-0059,leakage,168,2.47,nA
LIVE-01-0059,prop_delay,0,4.347,ns
LIVE-01-0059,prop_delay,24,4.389,ns
LIVE-01-0059,prop_delay,96,4.433,ns
LIVE-01-0059,prop_delay,168,4.401,ns
LIVE-01-0060,iddq,0,10.27,uA
LIVE-01-0060,iddq,24,11.05,uA
LIVE-01-0060,iddq,96,11.27,uA
LIVE-01-0060,iddq,168,11.43,uA
LIVE-01-0060,leakage,0,2.27,nA
LIVE-01-0060,leakage,24,2.55,nA
LIVE-01-0060,leakage,96,2.35,nA
LIVE-01-0060,leakage,168,2.49,nA
LIVE-01-0060,prop_delay,0,3.892,ns
LIVE-01-0060,prop_delay,24,3.906,ns
LIVE-01-0060,prop_delay,96,3.936,ns
LIVE-01-0060,prop_delay,168,3.935,ns
LIVE-01-0061,iddq,0,12.05,uA
LIVE-01-0061,iddq,24,12.83,uA
LIVE-01-0061,iddq,96,13.07,uA
LIVE-01-0061,iddq,168,13.58,uA
LIVE-01-0061,leakage,0,2.55,nA
LIVE-01-0061,leakage,24,2.82,nA
LIVE-01-0061,leakage,96,2.62,nA
LIVE-01-0061,leakage,168,2.68,nA
LIVE-01-0061,prop_delay,0,3.704,ns
LIVE-01-0061,prop_delay,24,3.698,ns
LIVE-01-0061,prop_delay,96,3.721,ns
LIVE-01-0061,prop_delay,168,3.697,ns
LIVE-01-0062,iddq,0,10.75,uA
LIVE-01-0062,iddq,24,12.15,uA
LIVE-01-0062,iddq,96,12.49,uA
LIVE-01-0062,iddq,168,12.62,uA
LIVE-01-0062,leakage,0,3.12,nA
LIVE-01-0062,leakage,24,3.25,nA
LIVE-01-0062,leakage,96,3.1,nA
LIVE-01-0062,leakage,168,3.27,nA
LIVE-01-0062,prop_delay,0,4.107,ns
LIVE-01-0062,prop_delay,24,4.189,ns
LIVE-01-0062,prop_delay,96,4.237,ns
LIVE-01-0062,prop_delay,168,4.184,ns
LIVE-01-0063,iddq,0,10.51,uA
LIVE-01-0063,iddq,24,11.0,uA
LIVE-01-0063,iddq,96,10.82,uA
LIVE-01-0063,iddq,168,11.66,uA
LIVE-01-0063,leakage,0,2.55,nA
LIVE-01-0063,leakage,24,2.86,nA
LIVE-01-0063,leakage,96,2.71,nA
LIVE-01-0063,leakage,168,2.87,nA
LIVE-01-0063,prop_delay,0,4.275,ns
LIVE-01-0063,prop_delay,24,4.288,ns
LIVE-01-0063,prop_delay,96,4.285,ns
LIVE-01-0063,prop_delay,168,4.335,ns
LIVE-01-0064,iddq,0,10.34,uA
LIVE-01-0064,iddq,24,11.22,uA
LIVE-01-0064,iddq,96,11.61,uA
LIVE-01-0064,iddq,168,11.76,uA
LIVE-01-0064,leakage,0,2.42,nA
LIVE-01-0064,leakage,24,2.71,nA
LIVE-01-0064,leakage,96,2.51,nA
LIVE-01-0064,leakage,168,2.73,nA
LIVE-01-0064,prop_delay,0,4.664,ns
LIVE-01-0064,prop_delay,24,4.843,ns
LIVE-01-0064,prop_delay,96,4.878,ns
LIVE-01-0064,prop_delay,168,4.921,ns
LIVE-01-0065,iddq,0,8.38,uA
LIVE-01-0065,iddq,24,8.79,uA
LIVE-01-0065,iddq,96,8.9,uA
LIVE-01-0065,iddq,168,9.54,uA
LIVE-01-0065,leakage,0,2.39,nA
LIVE-01-0065,leakage,24,2.6,nA
LIVE-01-0065,leakage,96,2.44,nA
LIVE-01-0065,leakage,168,2.54,nA
LIVE-01-0065,prop_delay,0,3.829,ns
LIVE-01-0065,prop_delay,24,3.891,ns
LIVE-01-0065,prop_delay,96,4.015,ns
LIVE-01-0065,prop_delay,168,4.035,ns
LIVE-01-0066,iddq,0,11.4,uA
LIVE-01-0066,iddq,24,11.32,uA
LIVE-01-0066,iddq,96,11.65,uA
LIVE-01-0066,iddq,168,11.95,uA
LIVE-01-0066,leakage,0,1.96,nA
LIVE-01-0066,leakage,24,2.03,nA
LIVE-01-0066,leakage,96,1.97,nA
LIVE-01-0066,leakage,168,1.96,nA
LIVE-01-0066,prop_delay,0,4.218,ns
LIVE-01-0066,prop_delay,24,4.398,ns
LIVE-01-0066,prop_delay,96,4.413,ns
LIVE-01-0066,prop_delay,168,4.414,ns
LIVE-01-0067,iddq,0,11.9,uA
LIVE-01-0067,iddq,24,12.45,uA
LIVE-01-0067,iddq,96,12.52,uA
LIVE-01-0067,iddq,168,13.0,uA
LIVE-01-0067,leakage,0,2.25,nA
LIVE-01-0067,leakage,24,2.28,nA
LIVE-01-0067,leakage,96,2.18,nA
LIVE-01-0067,leakage,168,2.39,nA
LIVE-01-0067,prop_delay,0,4.163,ns
LIVE-01-0067,prop_delay,24,4.171,ns
LIVE-01-0067,prop_delay,96,4.176,ns
LIVE-01-0067,prop_delay,168,4.21,ns
LIVE-01-0068,iddq,0,13.96,uA
LIVE-01-0068,iddq,24,14.22,uA
LIVE-01-0068,iddq,96,14.73,uA
LIVE-01-0068,iddq,168,15.3,uA
LIVE-01-0068,leakage,0,3.27,nA
LIVE-01-0068,leakage,24,3.37,nA
LIVE-01-0068,leakage,96,3.24,nA
LIVE-01-0068,leakage,168,3.39,nA
LIVE-01-0068,prop_delay,0,3.832,ns
LIVE-01-0068,prop_delay,24,3.934,ns
LIVE-01-0068,prop_delay,96,3.974,ns
LIVE-01-0068,prop_delay,168,3.948,ns
LIVE-01-0069,iddq,0,9.97,uA
LIVE-01-0069,iddq,24,10.58,uA
LIVE-01-0069,iddq,96,10.31,uA
LIVE-01-0069,iddq,168,11.1,uA
LIVE-01-0069,leakage,0,2.09,nA
LIVE-01-0069,leakage,24,2.38,nA
LIVE-01-0069,leakage,96,2.25,nA
LIVE-01-0069,leakage,168,2.48,nA
LIVE-01-0069,prop_delay,0,5.125,ns
LIVE-01-0069,prop_delay,24,5.169,ns
LIVE-01-0069,prop_delay,96,5.164,ns
LIVE-01-0069,prop_delay,168,5.231,ns
LIVE-01-0070,iddq,0,9.35,uA
LIVE-01-0070,iddq,24,12.09,uA
LIVE-01-0070,iddq,96,26.37,uA
LIVE-01-0070,iddq,168,44.59,uA
LIVE-01-0070,leakage,0,3.13,nA
LIVE-01-0070,leakage,24,3.66,nA
LIVE-01-0070,leakage,96,5.55,nA
LIVE-01-0070,leakage,168,8.87,nA
LIVE-01-0070,prop_delay,0,4.73,ns
LIVE-01-0070,prop_delay,24,4.939,ns
LIVE-01-0070,prop_delay,96,6.44,ns
LIVE-01-0070,prop_delay,168,8.576,ns
LIVE-01-0071,iddq,0,7.65,uA
LIVE-01-0071,iddq,24,8.09,uA
LIVE-01-0071,iddq,96,8.09,uA
LIVE-01-0071,iddq,168,8.85,uA
LIVE-01-0071,leakage,0,2.98,nA
LIVE-01-0071,leakage,24,3.15,nA
LIVE-01-0071,leakage,96,2.96,nA
LIVE-01-0071,leakage,168,3.05,nA
LIVE-01-0071,prop_delay,0,4.64,ns
LIVE-01-0071,prop_delay,24,4.741,ns
LIVE-01-0071,prop_delay,96,4.802,ns
LIVE-01-0071,prop_delay,168,4.738,ns
LIVE-01-0072,iddq,0,12.11,uA
LIVE-01-0072,iddq,24,13.56,uA
LIVE-01-0072,iddq,96,13.37,uA
LIVE-01-0072,iddq,168,14.31,uA
LIVE-01-0072,leakage,0,2.21,nA
LIVE-01-0072,leakage,24,2.35,nA
LIVE-01-0072,leakage,96,2.26,nA
LIVE-01-0072,leakage,168,2.38,nA
LIVE-01-0072,prop_delay,0,4.237,ns
LIVE-01-0072,prop_delay,24,4.314,ns
LIVE-01-0072,prop_delay,96,4.375,ns
LIVE-01-0072,prop_delay,168,4.366,ns
LIVE-01-0073,iddq,0,8.93,uA
LIVE-01-0073,iddq,24,9.6,uA
LIVE-01-0073,iddq,96,9.7,uA
LIVE-01-0073,iddq,168,10.1,uA
LIVE-01-0073,leakage,0,2.92,nA
LIVE-01-0073,leakage,24,3.04,nA
LIVE-01-0073,leakage,96,2.92,nA
LIVE-01-0073,leakage,168,2.92,nA
LIVE-01-0073,prop_delay,0,4.153,ns
LIVE-01-0073,prop_delay,24,4.208,ns
LIVE-01-0073,prop_delay,96,4.222,ns
LIVE-01-0073,prop_delay,168,4.232,ns
LIVE-01-0074,iddq,0,12.63,uA
LIVE-01-0074,iddq,24,13.1,uA
LIVE-01-0074,iddq,96,13.19,uA
LIVE-01-0074,iddq,168,13.45,uA
LIVE-01-0074,leakage,0,2.49,nA
LIVE-01-0074,leakage,24,2.7,nA
LIVE-01-0074,leakage,96,2.6,nA
LIVE-01-0074,leakage,168,2.71,nA
LIVE-01-0074,prop_delay,0,4.537,ns
LIVE-01-0074,prop_delay,24,4.598,ns
LIVE-01-0074,prop_delay,96,4.632,ns
LIVE-01-0074,prop_delay,168,4.643,ns
LIVE-01-0075,iddq,0,8.74,uA
LIVE-01-0075,iddq,24,9.44,uA
LIVE-01-0075,iddq,96,9.24,uA
LIVE-01-0075,iddq,168,9.54,uA
LIVE-01-0075,leakage,0,2.41,nA
LIVE-01-0075,leakage,24,2.5,nA
LIVE-01-0075,leakage,96,2.24,nA
LIVE-01-0075,leakage,168,2.47,nA
LIVE-01-0075,prop_delay,0,4.402,ns
LIVE-01-0075,prop_delay,24,4.455,ns
LIVE-01-0075,prop_delay,96,4.531,ns
LIVE-01-0075,prop_delay,168,4.513,ns
LIVE-01-0076,iddq,0,10.52,uA
LIVE-01-0076,iddq,24,10.81,uA
LIVE-01-0076,iddq,96,11.75,uA
LIVE-01-0076,iddq,168,12.1,uA
LIVE-01-0076,leakage,0,1.76,nA
LIVE-01-0076,leakage,24,1.97,nA
LIVE-01-0076,leakage,96,1.81,nA
LIVE-01-0076,leakage,168,2.01,nA
LIVE-01-0076,prop_delay,0,4.495,ns
LIVE-01-0076,prop_delay,24,4.52,ns
LIVE-01-0076,prop_delay,96,4.559,ns
LIVE-01-0076,prop_delay,168,4.545,ns
