setting,dimension,label,lots,parts,defective,method,n_parts,n_defective,n_flagged,recall,recall_ci_lo,recall_ci_hi,precision,precision_ci_lo,precision_ci_hi,flag_rate,flag_rate_ci_lo,flag_rate_ci_hi,cost_per_part,cost_per_part_ci_lo,cost_per_part_ci_hi
baseline,baseline,baseline (all defaults),150,11550,551,static_limits,11550,551,38,0.06896551724137931,0.04109270171679294,0.09858182533438237,1.0,1.0,1.0,0.00329004329004329,0.0019047619047619048,0.0048484848484848485,0.44415584415584414,0.40086580086580087,0.49004329004329006
baseline,baseline,baseline (all defaults),150,11550,551,fixed_delta,11550,551,1296,0.9981851179673321,0.9940342882464251,1.0,0.4243827160493827,0.3833498184306498,0.4651782249928865,0.11220779220779221,0.10189610389610389,0.12554329004329004,0.06545454545454546,0.05644372294372295,0.07748917748917748
baseline,baseline,baseline (all defaults),150,11550,551,static_pat,11550,551,319,0.2540834845735027,0.18974581579103417,0.32033261071116925,0.438871473354232,0.3081075065685189,0.6807853744986475,0.02761904761904762,0.015411255411255412,0.04112770562770563,0.37134199134199136,0.33020995670995673,0.41170129870129873
baseline,baseline,baseline (all defaults),150,11550,551,dynamic_pat,11550,551,340,0.6116152450090744,0.5714024549490728,0.6517088644958312,0.9911764705882353,0.9799985673352435,1.0,0.02943722943722944,0.02632034632034632,0.0329004329004329,0.18554112554112553,0.15696969696969698,0.21402597402597404
baseline,baseline,baseline (all defaults),150,11550,551,module_a_review,11550,551,2117,0.8638838475499092,0.8338701839536788,0.8944340477713798,0.22484648086915446,0.2062581520443968,0.24304106292858849,0.18329004329004328,0.18051948051948052,0.18606493506493507,0.207012987012987,0.1908225108225108,0.22554978354978356
baseline,baseline,baseline (all defaults),150,11550,551,module_a_reject,11550,551,1770,0.8076225045372051,0.7709702220222022,0.842629997607912,0.2514124293785311,0.23063864176068902,0.27216276137680395,0.15324675324675324,0.15064718614718614,0.15593290043290042,0.2064935064935065,0.18579004329004328,0.2308333333333333
noise_x0.5,noise,measurement + tester noise x0.5,150,11550,551,static_limits,11550,551,38,0.06896551724137931,0.04109270171679294,0.09858182533438237,1.0,1.0,1.0,0.00329004329004329,0.0019047619047619048,0.0048484848484848485,0.44415584415584414,0.40086580086580087,0.49004329004329006
noise_x0.5,noise,measurement + tester noise x0.5,150,11550,551,fixed_delta,11550,551,899,0.9981851179673321,0.9940342882464251,1.0,0.6117908787541713,0.5748029177448225,0.6447732731819668,0.07783549783549784,0.07194805194805194,0.08433116883116883,0.031082251082251083,0.027532467532467533,0.03515151515151515
noise_x0.5,noise,measurement + tester noise x0.5,150,11550,551,static_pat,11550,551,318,0.25226860254083483,0.18923544431063227,0.3164654356060606,0.4371069182389937,0.306064560564044,0.677611973196967,0.027532467532467533,0.015238095238095238,0.041041125541125545,0.3722077922077922,0.3313268398268398,0.41299783549783553
noise_x0.5,noise,measurement + tester noise x0.5,150,11550,551,dynamic_pat,11550,551,338,0.6098003629764065,0.5687991634679932,0.6490198672061417,0.9940828402366864,0.9844708403475165,1.0,0.029264069264069263,0.02623160173160173,0.03281601731601732,0.18632034632034633,0.15764935064935065,0.21328354978354974
noise_x0.5,noise,measurement + tester noise x0.5,150,11550,551,module_a_review,11550,551,2121,0.867513611615245,0.8380471677737955,0.8988567060658295,0.22536539368222536,0.20670384470381042,0.24397423616012906,0.18363636363636363,0.18069047619047618,0.18658008658008657,0.20545454545454545,0.18848484848484848,0.22503030303030302
noise_x0.5,noise,measurement + tester noise x0.5,150,11550,551,module_a_reject,11550,551,1778,0.8112522686025408,0.775257985148603,0.8466262647252716,0.2514060742407199,0.2310214241946779,0.27100401442819344,0.15393939393939393,0.15116883116883117,0.15645238095238095,0.2052813852813853,0.18441558441558442,0.22952813852813853
noise_x2,noise,measurement + tester noise x2,150,11550,551,static_limits,11550,551,40,0.07259528130671507,0.043230687011646764,0.1035162083409215,1.0,1.0,1.0,0.003463203463203463,0.002077922077922078,0.005108225108225109,0.44242424242424244,0.399978354978355,0.4883333333333333
noise_x2,noise,measurement + tester noise x2,150,11550,551,fixed_delta,11550,551,3574,1.0,1.0,1.0,0.15416899832120873,0.13779482829435996,0.1721711618626126,0.30943722943722946,0.2846731601731602,0.33481385281385284,0.2617316017316017,0.23868831168831167,0.2861623376623377
noise_x2,noise,measurement + tester noise x2,150,11550,551,static_pat,11550,551,330,0.2577132486388385,0.19491587703662006,0.3249120036101083,0.4303030303030303,0.29967327569071756,0.6686326541497759,0.02857142857142857,0.016015151515151514,0.04285714285714286,0.3703896103896104,0.3296926406926407,0.4112034632034632
noise_x2,noise,measurement + tester noise x2,150,11550,551,dynamic_pat,11550,551,336,0.6025408348457351,0.5617895062364705,0.6425950027437616,0.9880952380952381,0.9761158173098471,0.9972227961432507,0.02909090909090909,0.025971861471861472,0.03238311688311688,0.18995670995670996,0.16138311688311688,0.21767748917748916
noise_x2,noise,measurement + tester noise x2,150,11550,551,module_a_review,11550,551,2149,0.8584392014519057,0.8293320331545587,0.8858723587972369,0.22010237319683573,0.20103057053566326,0.23847043612508154,0.18606060606060607,0.18303030303030304,0.1890909090909091,0.21264069264069263,0.19705627705627707,0.23012987012987013
noise_x2,noise,measurement + tester noise x2,150,11550,551,module_a_reject,11550,551,1783,0.809437386569873,0.7775727053116726,0.8437643086080586,0.2501402131239484,0.22863409416126496,0.27041591498477846,0.15437229437229438,0.15168831168831168,0.15714502164502164,0.20666666666666667,0.18657575757575756,0.22901082251082253
prev_1,prevalence,defect prevalence 1%,150,11550,134,static_limits,11550,134,9,0.06716417910447761,0.030297334244702667,0.10951044550717341,1.0,1.0,1.0,0.0007792207792207792,0.0003463203463203463,0.0012987012987012987,0.10822510822510822,0.09177489177489177,0.12469696969696968
prev_1,prevalence,defect prevalence 1%,150,11550,134,fixed_delta,11550,134,901,1.0,1.0,1.0,0.14872364039955605,0.12538165593433243,0.1738589904046725,0.07800865800865801,0.06882683982683982,0.09012987012987013,0.0664069264069264,0.05714285714285714,0.07835497835497836
prev_1,prevalence,defect prevalence 1%,150,11550,134,static_pat,11550,134,221,0.26865671641791045,0.1893939393939394,0.35485663082437274,0.16289592760180996,0.09808140441655429,0.34620786516853924,0.019134199134199135,0.007790043290043291,0.03169047619047619,0.10086580086580087,0.08285064935064934,0.11957359307359307
prev_1,prevalence,defect prevalence 1%,150,11550,134,dynamic_pat,11550,134,92,0.6567164179104478,0.5789364941278817,0.7459016393442623,0.9565217391304348,0.9148936170212766,0.9903846153846154,0.007965367965367965,0.006666666666666667,0.00935064935064935,0.04017316017316017,0.027965367965367964,0.052991341991341985
prev_1,prevalence,defect prevalence 1%,150,11550,134,module_a_review,11550,134,2100,0.9776119402985075,0.95,1.0,0.062380952380952384,0.05328082053069122,0.0723187200129112,0.18181818181818182,0.17861471861471861,0.18485064935064935,0.17307359307359307,0.16857142857142857,0.1774891774891775
prev_1,prevalence,defect prevalence 1%,150,11550,134,module_a_reject,11550,134,1780,0.9701492537313433,0.940718462823726,0.9928571428571429,0.07303370786516854,0.062357753190731294,0.08480433802510665,0.15411255411255412,0.15125541125541125,0.15697186147186148,0.14632034632034632,0.14172943722943723,0.150995670995671
prev_3,prevalence,defect prevalence 3%,150,11550,352,static_limits,11550,352,24,0.06818181818181818,0.037124975647769336,0.1000352112676056,1.0,1.0,1.0,0.002077922077922078,0.0011255411255411255,0.003116883116883117,0.283982683982684,0.25627705627705627,0.3134415584415584
prev_3,prevalence,defect prevalence 3%,150,11550,352,fixed_delta,11550,352,1110,0.9971590909090909,0.9905637915543576,1.0,0.3162162162162162,0.28078318180788914,0.35395026981602506,0.09610389610389611,0.0864069264069264,0.10849567099567099,0.06658008658008659,0.05748917748917749,0.0786212121212121
prev_3,prevalence,defect prevalence 3%,150,11550,352,static_pat,11550,352,270,0.2528409090909091,0.19011541286328823,0.3192825162384985,0.3296296296296296,0.22025095066937544,0.5714590964590964,0.023376623376623377,0.011772727272727273,0.036365800865800865,0.24337662337662339,0.21376623376623377,0.2735952380952381
prev_3,prevalence,defect prevalence 3%,150,11550,352,dynamic_pat,11550,352,228,0.6363636363636364,0.5838142477737853,0.6907620707242434,0.9824561403508771,0.9649045179319982,0.9959373790166474,0.019740259740259742,0.017662337662337664,0.022080086580086578,0.11116883116883117,0.0903008658008658,0.13125541125541126
prev_3,prevalence,defect prevalence 3%,150,11550,352,module_a_review,11550,352,2087,0.9517045454545454,0.9297741421196477,0.9720670391061452,0.1605174892189746,0.1456684724846481,0.17573648065944647,0.18069264069264068,0.178008658008658,0.1833766233766234,0.16640692640692642,0.1593051948051948,0.17446320346320346
prev_3,prevalence,defect prevalence 3%,150,11550,352,module_a_reject,11550,352,1760,0.9232954545454546,0.8973682281216238,0.9470588235294117,0.1846590909090909,0.16797939926678887,0.2022689872961629,0.1523809523809524,0.14986796536796537,0.15523809523809523,0.14761904761904762,0.1393939393939394,0.15653896103896103
prev_8,prevalence,defect prevalence 8%,150,11550,957,static_limits,11550,957,57,0.05956112852664577,0.03923546683576951,0.08110367649202599,1.0,1.0,1.0,0.0049350649350649355,0.00329004329004329,0.00683982683982684,0.7792207792207793,0.7324675324675325,0.8277056277056277
prev_8,prevalence,defect prevalence 8%,150,11550,957,fixed_delta,11550,957,1676,0.9989550679205852,0.9966887417218543,1.0,0.5704057279236276,0.5276556929917717,0.6082837075913168,0.1451082251082251,0.13445887445887447,0.15800865800865802,0.0632034632034632,0.054452380952380953,0.07463419913419914
prev_8,prevalence,defect prevalence 8%,150,11550,957,static_pat,11550,957,394,0.22884012539184953,0.17904075652726426,0.2815240561633458,0.5558375634517766,0.42144286821444216,0.7768432417097464,0.034112554112554115,0.021383116883116882,0.048056277056277054,0.6541125541125541,0.6018008658008658,0.7118744588744589
prev_8,prevalence,defect prevalence 8%,150,11550,957,dynamic_pat,11550,957,590,0.61337513061651,0.5825130280898326,0.6434938919963836,0.9949152542372881,0.9886533953827229,1.0,0.05108225108225108,0.04761688311688311,0.054547619047619046,0.3206060606060606,0.28683982683982684,0.3536796536796537
prev_8,prevalence,defect prevalence 8%,150,11550,957,module_a_review,11550,957,2167,0.7836990595611285,0.7593237229862476,0.8097839451176052,0.34610059990770653,0.33255449912201807,0.359500325683722,0.18761904761904763,0.1846753246753247,0.19073593073593073,0.3019047619047619,0.2735930735930736,0.3295281385281385
prev_8,prevalence,defect prevalence 8%,150,11550,957,module_a_reject,11550,957,1825,0.7115987460815048,0.682897288636411,0.7414310666679286,0.3731506849315068,0.36008354656794256,0.38687412296166235,0.15800865800865802,0.15523593073593073,0.1606948051948052,0.33800865800865804,0.30345670995671,0.3729025974025974
exp_low,drift exponent,"healthy drift exponent in [0.10, 0.20]",150,11550,551,static_limits,11550,551,39,0.07078039927404718,0.04152233520292806,0.10173479792361882,1.0,1.0,1.0,0.0033766233766233766,0.0019913419913419913,0.0049350649350649355,0.4432900432900433,0.399978354978355,0.4883333333333333
exp_low,drift exponent,"healthy drift exponent in [0.10, 0.20]",150,11550,551,fixed_delta,11550,551,1345,0.9981851179673321,0.9940342882464251,1.0,0.40892193308550184,0.36915926871014026,0.44889866945419044,0.11645021645021646,0.10579220779220778,0.13047835497835497,0.0696969696969697,0.060603896103896104,0.08233766233766233
exp_low,drift exponent,"healthy drift exponent in [0.10, 0.20]",150,11550,551,static_pat,11550,551,320,0.2540834845735027,0.18974581579103417,0.32033261071116925,0.4375,0.30592800387320934,0.6807853744986475,0.027705627705627706,0.015411255411255412,0.0412987012987013,0.37142857142857144,0.33020995670995673,0.41195670995670997
exp_low,drift exponent,"healthy drift exponent in [0.10, 0.20]",150,11550,551,dynamic_pat,11550,551,340,0.6116152450090744,0.571691011754164,0.6514659968024741,0.9911764705882353,0.9800541228907991,1.0,0.02943722943722944,0.026402597402597403,0.0329004329004329,0.18554112554112553,0.15686796536796535,0.21393939393939393
exp_low,drift exponent,"healthy drift exponent in [0.10, 0.20]",150,11550,551,module_a_review,11550,551,2119,0.8602540834845736,0.8304047049441786,0.8894946985862896,0.22369042000943842,0.20538970518638122,0.24212046171275844,0.18346320346320347,0.18051948051948052,0.1864090909090909,0.20909090909090908,0.1928982683982684,0.22762770562770562
exp_low,drift exponent,"healthy drift exponent in [0.10, 0.20]",150,11550,551,module_a_reject,11550,551,1772,0.8058076225045372,0.769878215245489,0.842107858403405,0.2505643340857788,0.22960343185328852,0.2713807198595767,0.15341991341991343,0.15082251082251083,0.1561038961038961,0.20761904761904762,0.1869805194805195,0.23212121212121212
exp_high,drift exponent,"healthy drift exponent in [0.25, 0.40]",150,11550,551,static_limits,11550,551,38,0.06896551724137931,0.04109270171679294,0.09858182533438237,1.0,1.0,1.0,0.00329004329004329,0.0019047619047619048,0.0048484848484848485,0.44415584415584414,0.40086580086580087,0.49004329004329006
exp_high,drift exponent,"healthy drift exponent in [0.25, 0.40]",150,11550,551,fixed_delta,11550,551,1245,0.9981851179673321,0.9940342882464251,1.0,0.44176706827309237,0.39854708637988495,0.4846840968813427,0.10779220779220779,0.09748701298701298,0.12104112554112555,0.06103896103896104,0.052032467532467534,0.07272727272727272
exp_high,drift exponent,"healthy drift exponent in [0.25, 0.40]",150,11550,551,static_pat,11550,551,319,0.2540834845735027,0.18974581579103417,0.32033261071116925,0.438871473354232,0.3081075065685189,0.6807853744986475,0.02761904761904762,0.015411255411255412,0.04112770562770563,0.37134199134199136,0.33020995670995673,0.41170129870129873
exp_high,drift exponent,"healthy drift exponent in [0.25, 0.40]",150,11550,551,dynamic_pat,11550,551,340,0.6116152450090744,0.5714024549490728,0.6517088644958312,0.9911764705882353,0.9799985673352435,1.0,0.02943722943722944,0.02632034632034632,0.0329004329004329,0.18554112554112553,0.15696969696969698,0.21402597402597404
exp_high,drift exponent,"healthy drift exponent in [0.25, 0.40]",150,11550,551,module_a_review,11550,551,2102,0.8584392014519057,0.828407207953604,0.8880357046524712,0.22502378686964797,0.2059876319631945,0.24393054009553472,0.18199134199134198,0.17904761904761904,0.18476406926406927,0.20857142857142857,0.1922034632034632,0.2271038961038961
exp_high,drift exponent,"healthy drift exponent in [0.25, 0.40]",150,11550,551,module_a_reject,11550,551,1771,0.8076225045372051,0.7716643401015227,0.8429657113236818,0.251270468661773,0.2306333728771726,0.27201093615084826,0.15333333333333332,0.15056277056277056,0.15601731601731603,0.20658008658008659,0.18612987012987012,0.23082251082251082
lot_30,lot size,30 parts per lot,150,4500,217,static_limits,4500,217,17,0.07834101382488479,0.0394672342621259,0.12315270935960591,1.0,1.0,1.0,0.003777777777777778,0.0017777777777777779,0.006,0.4444444444444444,0.37777777777777777,0.52
lot_30,lot size,30 parts per lot,150,4500,217,fixed_delta,4500,217,508,1.0,1.0,1.0,0.4271653543307087,0.3739626626220163,0.4805949653747661,0.11288888888888889,0.09999444444444446,0.1288888888888889,0.06466666666666666,0.05444444444444444,0.07777777777777778
lot_30,lot size,30 parts per lot,150,4500,217,static_pat,4500,217,132,0.2534562211981567,0.18084901800327333,0.3236554040703418,0.4166666666666667,0.28908596826295063,0.678239863584691,0.029333333333333333,0.015327777777777777,0.04578333333333333,0.3771111111111111,0.3166611111111111,0.4422333333333333
lot_30,lot size,30 parts per lot,150,4500,217,dynamic_pat,4500,217,137,0.6082949308755761,0.5406632110579479,0.6698124492191027,0.9635036496350365,0.9300576184379001,0.9920665922619047,0.030444444444444444,0.02532777777777778,0.035777777777777776,0.19,0.14843888888888887,0.23714999999999997
lot_30,lot size,30 parts per lot,150,4500,217,module_a_review,4500,217,884,0.8248847926267281,0.7754156456333811,0.8777343830083851,0.20248868778280543,0.1772991903426686,0.2270744356314826,0.19644444444444445,0.19132777777777776,0.20155555555555554,0.2411111111111111,0.20933333333333334,0.27780555555555553
lot_30,lot size,30 parts per lot,150,4500,217,module_a_reject,4500,217,872,0.8248847926267281,0.7754156456333811,0.8777343830083851,0.20527522935779816,0.17898078259073585,0.2306840034965035,0.19377777777777777,0.18822222222222224,0.1991111111111111,0.23844444444444443,0.2071111111111111,0.27444999999999997
lot_150,lot size,150 parts per lot,150,22500,1020,static_limits,22500,1020,78,0.07647058823529412,0.05354784687213086,0.10094009858474622,1.0,1.0,1.0,0.0034666666666666665,0.0023555555555555556,0.004667777777777777,0.4186666666666667,0.3822111111111111,0.4586777777777778
lot_150,lot size,150 parts per lot,150,22500,1020,fixed_delta,22500,1020,2449,0.9980392156862745,0.9949234701789572,1.0,0.4156798693344222,0.3733419299685242,0.4575589796092154,0.10884444444444444,0.09862222222222222,0.12231333333333333,0.06448888888888889,0.05524444444444444,0.07662777777777777
lot_150,lot size,150 parts per lot,150,22500,1020,static_pat,22500,1020,579,0.257843137254902,0.204637790893324,0.3112450985023858,0.4542314335060449,0.3132080445333458,0.7006310222036027,0.025733333333333334,0.014793333333333334,0.03786888888888889,0.3504888888888889,0.3168711111111111,0.38633111111111107
lot_150,lot size,150 parts per lot,150,22500,1020,dynamic_pat,22500,1020,639,0.6245098039215686,0.594618621572977,0.6571124594424613,0.9968701095461658,0.9919351581635312,1.0,0.0284,0.025644444444444445,0.031155555555555554,0.1703111111111111,0.14857666666666666,0.19204666666666664
lot_150,lot size,150 parts per lot,150,22500,1020,module_a_review,22500,1020,3821,0.8715686274509804,0.8469929076948506,0.8976954308658325,0.23266160690918608,0.21481517191917293,0.2506644597052415,0.16982222222222224,0.16764444444444446,0.172,0.18853333333333333,0.17506555555555556,0.20218
lot_150,lot size,150 parts per lot,150,22500,1020,module_a_reject,22500,1020,3303,0.8294117647058824,0.8024338923516291,0.8571691176470587,0.2561307901907357,0.237541365806104,0.27467265529841656,0.1468,0.14475444444444444,0.14875666666666668,0.18653333333333333,0.17066555555555554,0.20356333333333332
