# LJMU (Gao et al.) Fig. 1a inset - measured generated-defect (GD) NBTI degradation, Process A4, industry-grade wafer.
# Marker centers in PDF points (page 1, origin top-left), extracted from the PDF's vector paths. See generator/realism.py.
pdf_x_pt,pdf_y_pt
450.59,299.19
458.51,295.91
463.12,298.51
466.44,294.66
468.96,292.16
471.04,293.26
472.84,291.90
474.36,293.46
475.71,293.05
476.88,291.95
478.01,291.38
478.97,289.61
479.92,291.22
480.76,289.61
481.55,289.87
482.28,290.91
482.96,288.15
483.63,287.47
484.25,286.43
484.81,287.05
485.37,287.00
485.94,288.04
486.44,288.88
486.95,286.38
487.39,286.38
487.84,286.90
488.29,284.77
488.69,285.55
489.08,285.55
489.48,284.50
489.87,286.90
490.20,285.65
490.54,283.51
490.88,283.51
491.22,284.45
491.55,285.18
491.89,284.97
492.17,283.25
492.45,284.40
492.79,283.30
493.07,284.92
493.29,284.40
493.58,283.93
493.86,285.76
494.08,283.62
494.37,282.11
494.59,282.95
494.87,282.06
495.09,282.06
495.32,281.90
495.54,281.85
495.77,284.87
495.99,280.96
496.22,281.54
496.38,282.06
496.61,282.01
496.83,282.58
497.01,282.16
497.23,283.25
497.40,284.19
497.57,282.79
497.79,281.54
497.96,282.11
498.13,281.07
498.30,282.11
498.46,282.37
498.69,282.84
498.86,282.32
498.97,283.30
499.14,280.96
499.31,281.02
499.47,281.33
499.65,282.95
499.81,281.33
499.92,281.80
500.10,281.90
500.26,282.01
500.37,280.91
500.55,281.12
500.71,282.79
500.82,281.69
501.00,280.54
501.11,280.03
501.27,280.13
501.39,281.33
501.50,279.55
501.67,280.86
501.78,280.81
501.90,281.64
502.06,281.17
502.17,281.75
502.29,280.49
502.40,281.48
502.51,280.39
502.68,281.02
502.79,279.76
502.90,280.81
503.01,281.02
503.13,281.48
503.24,281.17
503.35,280.75
503.46,279.92
503.58,281.38
503.69,280.44
503.80,280.86
503.91,280.81
504.03,280.54
504.14,281.69
504.25,280.65
504.31,280.91
504.42,279.87
504.54,279.66
504.65,278.62
504.76,280.86
504.81,279.66
504.93,279.92
505.04,278.00
505.15,278.88
505.21,279.20
505.32,280.03
505.44,279.66
505.49,278.67
505.60,278.51
505.71,278.99
505.77,279.76
505.88,279.61
505.99,278.41
506.05,279.87
506.16,280.86
506.22,280.33
506.33,280.08
506.44,280.03
506.50,279.25
506.61,280.33
506.67,281.59
506.78,281.12
506.84,279.25
506.95,280.39
507.00,279.97
507.12,278.88
507.18,278.99
507.23,279.14
507.34,278.51
507.40,279.97
507.51,280.08
507.57,280.33
507.63,280.65
507.74,278.88
507.79,278.67
507.90,279.45
507.96,278.67
508.02,278.21
508.13,277.79
508.19,278.46
508.24,277.63
508.35,277.42
508.41,276.85
508.47,277.63
508.53,278.78
508.64,276.95
508.69,277.27
508.75,277.84
508.80,278.46
508.92,278.62
508.98,278.15
509.03,277.27
509.09,276.95
509.20,277.89
509.25,277.79
509.31,278.41
509.37,278.15
509.43,278.21
509.53,278.46
509.59,277.21
509.64,277.32
509.70,277.68
509.76,277.27
509.82,277.52
509.93,278.10
509.98,277.32
510.04,278.67
510.09,277.68
510.15,277.79
510.21,276.43
510.27,277.06
510.32,277.68
510.38,276.79
510.49,276.79
510.54,278.26
510.60,275.96
510.66,276.69
510.72,276.58
510.77,276.01
510.83,275.45
510.88,276.69
510.94,277.63
510.99,276.95
511.05,278.05
511.11,277.52
511.17,276.74
511.22,277.47
511.28,276.07
511.33,276.07
511.39,275.29
511.44,278.05
511.50,277.32
511.56,276.79
511.62,276.33
511.67,276.17
511.73,278.05
511.78,278.10
511.84,277.27
511.89,277.52
511.95,277.21
512.01,276.69
512.07,276.28
512.12,276.43
512.18,275.86
512.23,277.16
512.23,277.68
512.29,276.85
512.34,276.33
512.40,275.24
512.46,275.65
512.52,276.79
512.57,276.85
512.63,275.96
512.68,275.86
512.74,275.39
512.79,275.65
512.79,276.38
512.85,275.13
512.91,275.70
512.97,275.91
513.02,275.29
513.08,275.75
513.13,277.00
513.19,275.39
513.19,276.33
513.24,276.01
513.30,276.33
513.36,276.90
513.41,276.69
513.47,276.43
513.47,276.74
513.52,277.27
513.58,276.12
513.63,277.06
513.69,276.43
513.75,276.01
513.75,276.85
513.81,275.86
513.86,277.32
513.92,275.65
513.97,275.18
513.97,276.90
514.03,275.08
514.08,275.24
514.14,276.28
514.20,275.29
514.20,276.38
514.26,276.22
514.31,275.34
514.37,275.18
514.37,276.28
514.42,276.43
514.48,275.80
514.53,275.18
514.53,275.96
514.59,275.54
514.65,276.43
514.71,275.39
514.71,275.65
514.76,274.19
514.82,274.82
514.87,274.71
514.87,275.13
514.93,276.33
514.98,275.59
515.04,274.46
515.04,274.87
515.10,274.82
515.16,275.08
515.16,275.86
515.21,276.58
515.27,274.92
515.32,275.86
515.32,276.07
515.38,276.07
515.43,275.75
515.43,276.12
515.49,273.98
515.55,276.43
515.61,274.76
515.61,275.86
515.66,274.66
515.72,274.04
515.72,275.86
515.77,275.86
515.83,274.56
515.83,275.54
515.88,274.76
515.94,274.66
515.94,275.70
516.00,276.07
516.06,274.66
516.06,275.50
516.11,275.08
516.17,274.09
516.17,275.39
516.22,274.04
516.28,275.70
516.28,276.38
516.33,275.54
516.39,274.76
516.39,275.13
516.45,275.24
516.45,275.50
516.51,274.87
516.56,274.82
516.56,275.59
516.62,275.13
516.67,274.09
516.67,274.61
516.73,275.34
516.78,275.13
516.78,275.65
516.84,274.51
516.84,274.66
516.90,275.13
516.96,274.51
516.96,275.70
517.01,275.03
517.01,276.53
517.06,275.39
517.12,273.83
517.12,274.87
517.17,274.97
517.23,274.40
517.23,275.29
517.29,274.87
517.29,275.13
517.35,274.09
517.35,274.82
517.40,275.29
517.46,273.67
517.46,273.93
517.51,274.46
517.51,274.87
517.57,274.14
517.62,273.88
517.62,274.76
517.68,273.93
517.68,274.61
517.74,273.52
517.74,274.51
517.80,273.20
517.85,273.72
517.85,275.39
517.91,273.83
517.91,274.14
517.96,274.04
517.96,274.40
518.02,274.87
518.07,273.77
518.07,274.46
518.13,273.93
518.13,274.76
518.19,273.62
518.19,274.19
518.25,273.57
518.30,274.35
518.36,272.89
518.36,274.14
518.41,272.89
518.41,274.51
518.47,274.30
518.47,274.87
518.52,274.19
518.52,274.82
518.58,273.41
518.58,273.98
518.64,273.77
518.64,274.51
518.70,273.77
518.70,274.61
518.75,274.51
518.81,272.78
518.81,273.46
518.86,273.77
518.86,273.98
518.92,272.32
518.92,272.78
518.97,273.31
518.97,273.83
519.03,273.15
519.03,273.83
519.09,272.16
519.09,273.77
519.15,273.62
519.15,273.83
519.20,273.20
519.20,273.57
519.26,273.15
519.26,274.04
519.31,271.49
519.31,273.83
519.37,272.78
519.37,272.94
519.42,272.42
519.42,272.53
519.48,271.49
519.48,272.94
519.54,272.78
519.54,273.20
519.60,271.95
519.60,273.10
519.65,271.59
519.65,272.58
519.71,271.75
519.71,271.90
519.76,272.21
519.76,272.53
519.82,271.49
519.82,272.05
519.82,272.32
519.87,271.79
519.87,272.21
519.93,271.84
519.93,272.58
519.99,273.15
519.99,273.20
520.05,272.47
520.05,272.63
520.10,272.42
520.10,272.47
520.16,271.79
520.16,272.94
520.21,273.15
520.21,273.25
520.27,272.26
520.27,272.37
520.27,272.89
520.32,272.73
520.32,272.83
520.38,271.49
520.38,272.26
520.44,271.75
520.44,272.73
520.50,271.90
520.50,272.94
520.55,272.73
520.55,272.73
520.55,272.99
520.61,271.75
520.61,273.15
520.66,271.49
520.66,271.75
520.72,271.43
520.72,271.90
520.77,271.33
520.77,271.49
520.77,272.21
520.83,271.01
520.83,272.32
520.89,271.79
520.89,272.42
520.94,271.22
520.94,271.70
520.94,271.95
521.00,271.79
521.00,272.47
521.05,272.11
521.05,272.26
521.11,271.49
521.11,271.70
521.11,272.42
521.16,271.84
521.16,272.37
521.22,271.75
521.22,271.95
521.28,271.49
521.28,271.70
521.28,272.68
