family,method,n_parts,cost_published,cost_live,cost_published_minus_live,ci_lo,ci_hi,recall_published,recall_live,flag_rate_published,flag_rate_live
altered_correlation,module_a_review,1848,0.24242424242424243,0.19805194805194806,0.044372294372294376,0.010281385281385282,0.07305194805194805,0.8787878787878788,0.8484848484848485,0.22456709956709955,0.16233766233766234
altered_correlation,module_a_reject,1848,0.2353896103896104,0.21266233766233766,0.022727272727272728,-0.01948051948051948,0.05248917748917749,0.8181818181818182,0.7777777777777778,0.18181818181818182,0.13528138528138528
baseline,module_a_review,2541,0.2514757969303424,0.19244391971664698,0.0590318772136954,0.045651318378591106,0.07241243604879968,0.8846153846153846,0.8846153846153846,0.2404565131837859,0.1814246359700905
baseline,module_a_reject,2541,0.22077922077922077,0.17316017316017315,0.047619047619047616,0.03581267217630854,0.05982880755608027,0.8653846153846154,0.8653846153846154,0.20110192837465565,0.15348288075560804
different_noise_regime,module_a_review,2310,0.2619047619047619,0.20952380952380953,0.05238095238095238,0.026406926406926406,0.07402597402597402,0.898989898989899,0.8686868686868687,0.2571428571428571,0.19047619047619047
different_noise_regime,module_a_reject,2310,0.25497835497835497,0.21341991341991343,0.04155844155844156,0.012943722943722947,0.0670995670995671,0.8383838383838383,0.797979797979798,0.22164502164502164,0.16103896103896104
higher_defect_prevalence,module_a_review,924,0.5681818181818182,0.5963203463203464,-0.02813852813852814,-0.09956709956709957,0.03571428571428571,0.6859504132231405,0.628099173553719,0.24675324675324675,0.19155844155844157
higher_defect_prevalence,module_a_reject,924,0.6515151515151515,0.6645021645021645,-0.012987012987012988,-0.06168831168831169,0.03354978354978355,0.6033057851239669,0.5619834710743802,0.21103896103896103,0.1645021645021645
wider_drift_exponent,module_a_review,2156,0.2564935064935065,0.2054730983302412,0.05102040816326531,0.032467532467532464,0.06772959183673469,0.8877551020408163,0.8775510204081632,0.24582560296846012,0.18970315398886828
wider_drift_exponent,module_a_reject,2156,0.237012987012987,0.19944341372912802,0.037569573283859,0.017625231910946195,0.0547425788497217,0.8469387755102041,0.826530612244898,0.20593692022263452,0.15816326530612246
ALL,module_a_review,9779,0.2832600470395746,0.23857245117087636,0.04468759586869823,0.03159576643828612,0.056963902239492784,0.8406909788867563,0.8138195777351248,0.2431741486859597,0.1827385213211985
ALL,module_a_reject,9779,0.2758973310154412,0.24235606912772267,0.03354126188771858,0.020756212291645364,0.04519889559259638,0.7869481765834933,0.7581573896353166,0.20431536966970038,0.15390121689334288
