method,tau,n_parts,n_defective,n_flagged,false_alarms,missed,recall,recall_ci_lo,recall_ci_hi,precision,precision_ci_lo,precision_ci_hi,flag_rate,flag_rate_ci_lo,flag_rate_ci_hi,cost_per_part,cost_per_part_ci_lo,cost_per_part_ci_hi
static_limits default,,9779,521,21,0,500,0.04030710172744722,0.023334985408594026,0.059073197578425975,1.0,1.0,1.0,0.0021474588403722263,0.0012271193373555578,0.0031700582881685245,0.5112997238981491,0.43869516310461193,0.5777686880049084
static_limits cost-tuned (tau=0.439),,9779,521,1481,1163,203,0.6103646833013435,0.5333223684210526,0.683527040121819,0.21471978392977717,0.15635388760350705,0.3012759178178707,0.15144697821863176,0.10674404335821658,0.20564986194907456,0.326516003681358,0.27496676551794663,0.384929440638102
fixed_delta default,,9779,521,2344,1823,0,1.0,1.0,1.0,0.22226962457337884,0.1771994020245577,0.2727421898307974,0.2396973105634523,0.20052919521423457,0.2838889456999693,0.18641987933326515,0.14919470293486042,0.2311074752019634
fixed_delta cost-tuned (tau=2.075),,9779,521,700,190,11,0.9788867562380038,0.966362389380531,0.9904434821729838,0.7285714285714285,0.5962585571353344,0.8519699143915421,0.07158196134574088,0.057462419470293485,0.08948512117803456,0.030677983433888945,0.017882707843337765,0.04796247060026587
static_pat default,,9779,521,666,433,288,0.4472168905950096,0.37943252399774136,0.5119276556776556,0.34984984984984985,0.25886924769907965,0.48490857584342,0.06810512322323346,0.04540341548215564,0.09397688925247981,0.3387871970549136,0.28509561304836895,0.3976889252479804
static_pat cost-tuned (tau=0.528),,9779,521,2992,2577,106,0.7965451055662188,0.7333300395256916,0.8610886023540545,0.13870320855614973,0.11205903948656587,0.17178510985855047,0.3059617547806524,0.24898507004806217,0.36915840065446365,0.3719194191635137,0.31363125063912467,0.43051436752224154
dynamic_pat default,,9779,521,317,9,213,0.5911708253358925,0.5454368588609834,0.6415900090009001,0.9716088328075709,0.9486402247237512,0.9886379686697483,0.03241640249514265,0.0281214848143982,0.03661161672972696,0.21873402188362817,0.1741435729624706,0.263117394416607
dynamic_pat cost-tuned (tau=0.488),,9779,521,857,389,53,0.8982725527831094,0.8720256722205234,0.925678113680691,0.5460910151691949,0.49040740518980463,0.598152690093678,0.08763677267614275,0.08098731976684732,0.09387462930770017,0.09397688925247981,0.07699918192044176,0.1121817159218734
V1F REVIEW,,9779,521,884,403,40,0.9232245681381958,0.9019598416289593,0.9450222452787491,0.5441176470588235,0.4858556110458285,0.597910094725632,0.09039779118519276,0.08252377543716126,0.09858114326618264,0.08211473565804274,0.06922742611718989,0.09602464464669189
V1F REJECT,,9779,521,757,282,46,0.9117082533589251,0.8888888888888888,0.9351150195997524,0.6274768824306473,0.5708679953046851,0.6783941861204759,0.07741077819817978,0.07004294917680744,0.08487831066571225,0.07587687902648532,0.061757337151037935,0.09080938746293077
"current (rank, live) REVIEW",,9779,521,1787,1363,97,0.8138195777351248,0.7749988656987296,0.8586565733494406,0.23726916620033575,0.21019348739282054,0.26104344101811056,0.1827385213211985,0.17844360364045403,0.18662695572144392,0.23857245117087636,0.20789446773698741,0.2698818897637795
