n,lots,parts,seed,flag_rate,ci_lo,ci_hi,criterion_le_0.05
15,100,1500,7102,0.1,0.082,0.11933333333333333,
20,100,2000,7102,0.0725,0.0605,0.088,
30,100,3000,7102,0.043666666666666666,0.035325,0.051666666666666666,True
40,100,4000,7102,0.03825,0.03149375,0.04525,True
50,100,5000,7102,0.0284,0.0232,0.0336,True
60,100,6000,7102,0.035166666666666666,0.028495833333333335,0.04267083333333333,True
77,40,3080,7102,0.03766233766233766,0.030194805194805194,0.045787337662337654,True
100,40,4000,7102,0.0355,0.029,0.043,True
150,40,6000,7102,0.024166666666666666,0.020833333333333332,0.027333333333333334,True
