cell,lots,parts,defective,v1f_cost,v1f_cost_lo,v1f_cost_hi,v1f_recall,v1f_recall_lo,v1f_recall_hi,v1f_flag,cur_cost,cur_cost_lo,cur_cost_hi,cur_recall,cur_recall_lo,cur_recall_hi,cur_flag,cost_diff,cost_diff_lo,cost_diff_hi,cost_ok,recall_ok
n=30 prev=3%,60,1800,50,0.06444444444444444,0.043333333333333335,0.091125,0.92,0.8499828767123287,0.9795918367346939,0.06777777777777778,0.20166666666666666,0.168875,0.24,0.88,0.7818039772727273,0.9800098039215686,0.19277777777777777,-0.13722222222222222,-0.16779166666666667,-0.10833333333333334,True,True
n=30 prev=5%,60,1800,83,0.08333333333333333,0.051666666666666666,0.12111111111111111,0.9036144578313253,0.8281207997311828,0.9678021184400577,0.08055555555555556,0.18888888888888888,0.16109722222222222,0.21777777777777776,0.9156626506024096,0.862489224137931,0.9722222222222222,0.1922222222222222,-0.10555555555555556,-0.1322222222222222,-0.07831944444444446,True,True
n=30 prev=8%,60,1800,144,0.13333333333333333,0.09166666666666666,0.17833333333333334,0.875,0.8283547752037359,0.9202898550724637,0.10333333333333333,0.3611111111111111,0.28720833333333334,0.44113888888888886,0.7222222222222222,0.6593904788112274,0.7936568520537985,0.19666666666666666,-0.22777777777777777,-0.28444444444444444,-0.17720833333333336,True,True
n=50 prev=3%,60,3000,92,0.058333333333333334,0.038658333333333336,0.08033333333333334,0.9130434782608695,0.851474615546661,0.967391304347826,0.059666666666666666,0.18566666666666667,0.165325,0.208675,0.9021739130434783,0.8425673817381738,0.9638661790017211,0.18333333333333332,-0.12733333333333333,-0.149675,-0.10899166666666667,True,True
n=50 prev=5%,60,3000,167,0.10566666666666667,0.07633333333333334,0.14033333333333334,0.8622754491017964,0.8083659603869185,0.9090909090909091,0.077,0.22666666666666666,0.19199166666666667,0.265,0.8383233532934131,0.7840792796384901,0.8910289115646259,0.18333333333333332,-0.121,-0.14700833333333332,-0.09466666666666666,True,True
n=50 prev=8%,60,3000,257,0.15033333333333335,0.11499166666666667,0.1913583333333333,0.8560311284046692,0.8120122361449836,0.8965585659551177,0.10033333333333333,0.35633333333333334,0.30899166666666666,0.4126666666666667,0.7354085603112841,0.6898984988722097,0.7785992444904686,0.19266666666666668,-0.206,-0.25300833333333334,-0.164,True,True
n=60 prev=3%,60,3600,120,0.04888888888888889,0.03333333333333333,0.06694444444444445,0.9333333333333333,0.8813403825221583,0.9752166901834307,0.057777777777777775,0.16305555555555556,0.14804861111111112,0.18,0.9416666666666667,0.8958288043478261,0.9836098893775823,0.175,-0.11416666666666667,-0.12638888888888888,-0.10054861111111112,True,True
n=60 prev=5%,60,3600,183,0.08916666666666667,0.060548611111111116,0.12083333333333333,0.8633879781420765,0.8115160807778609,0.9137055837563451,0.0636111111111111,0.2061111111111111,0.18054861111111112,0.2336111111111111,0.8524590163934426,0.8115923059412703,0.8950810185185185,0.17444444444444446,-0.11694444444444445,-0.13777777777777778,-0.09499305555555557,True,True
n=60 prev=8%,60,3600,313,0.12666666666666668,0.09722222222222222,0.1566736111111111,0.8785942492012779,0.8474543925475482,0.9107242063492064,0.0975,0.3408333333333333,0.29025694444444444,0.3933472222222222,0.744408945686901,0.7025261578985879,0.7879885781044417,0.18333333333333332,-0.21416666666666667,-0.26,-0.17,True,True
