method,n_parts,n_defective,n_flagged,false_alarms,missed,recall,recall_ci_lo,recall_ci_hi,precision,precision_ci_lo,precision_ci_hi,flag_rate,flag_rate_ci_lo,flag_rate_ci_hi,cost_per_part,cost_per_part_ci_lo,cost_per_part_ci_hi
static_limits,9779,521,21,0,500,0.04030710172744722,0.023334985408594026,0.059073197578425975,1.0,1.0,1.0,0.0021474588403722263,0.0012271193373555578,0.0031700582881685245,0.5112997238981491,0.43869516310461193,0.5777686880049084
fixed_delta,9779,521,2344,1823,0,1.0,1.0,1.0,0.22226962457337884,0.1771994020245577,0.2727421898307974,0.2396973105634523,0.20052919521423457,0.2838889456999693,0.18641987933326515,0.14919470293486042,0.2311074752019634
static_pat,9779,521,666,433,288,0.4472168905950096,0.37943252399774136,0.5119276556776556,0.34984984984984985,0.25886924769907965,0.48490857584342,0.06810512322323346,0.04540341548215564,0.09397688925247981,0.3387871970549136,0.28509561304836895,0.3976889252479804
dynamic_pat,9779,521,317,9,213,0.5911708253358925,0.5454368588609834,0.6415900090009001,0.9716088328075709,0.9486402247237512,0.9886379686697483,0.03241640249514265,0.0281214848143982,0.03661161672972696,0.21873402188362817,0.1741435729624706,0.263117394416607
current_published_review (IF active),9779,521,2378,1940,83,0.8406909788867563,0.8014471243042671,0.8847121290994274,0.184188393608074,0.1619339111368204,0.2052257741802231,0.2431741486859597,0.23499079660496983,0.25105072093261066,0.2832600470395746,0.2551334492279374,0.312710911136108
current_live_review,9779,521,1787,1363,97,0.8138195777351248,0.7749988656987296,0.8586565733494406,0.23726916620033575,0.21019348739282054,0.26104344101811056,0.1827385213211985,0.17844360364045403,0.18662695572144392,0.23857245117087636,0.20789446773698741,0.2698818897637795
current_live_reject,9779,521,1505,1110,126,0.7581573896353166,0.7156162191890406,0.8053127377567774,0.26245847176079734,0.23486172496277286,0.28858744984600604,0.15390121689334288,0.15001533899171696,0.1576873913488087,0.24235606912772267,0.2073806115144698,0.2803072911340628
absolute_review,9779,521,884,403,40,0.9232245681381958,0.9019598416289593,0.9450222452787491,0.5441176470588235,0.4858556110458285,0.597910094725632,0.09039779118519276,0.08252377543716126,0.09858114326618264,0.08211473565804274,0.06922742611718989,0.09602464464669189
absolute_reject,9779,521,757,282,46,0.9117082533589251,0.8888888888888888,0.9351150195997524,0.6274768824306473,0.5708679953046851,0.6783941861204759,0.07741077819817978,0.07004294917680744,0.08487831066571225,0.07587687902648532,0.061757337151037935,0.09080938746293077
