family,method,n_parts,n_defective,cost_per_part,cost_ci_lo,cost_ci_hi,recall,flag_rate
altered_correlation,current_published_review (IF active),1848,99,0.24242424242424243,0.19803841991341992,0.2911255411255411,0.8787878787878788,0.22456709956709955
altered_correlation,current_live_review,1848,99,0.19805194805194806,0.1504193722943723,0.2510822510822511,0.8484848484848485,0.16233766233766234
altered_correlation,current_live_reject,1848,99,0.21266233766233766,0.13905573593073592,0.29709145021645017,0.7777777777777778,0.13528138528138528
altered_correlation,absolute_review,1848,99,0.07196969696969698,0.04924242424242424,0.09577922077922078,0.9292929292929293,0.08387445887445888
altered_correlation,absolute_reject,1848,99,0.06222943722943723,0.039502164502164504,0.08551136363636364,0.9292929292929293,0.07413419913419914
baseline,current_published_review (IF active),2541,104,0.2514757969303424,0.22509838646202285,0.2778433687524597,0.8846153846153846,0.2404565131837859
baseline,current_live_review,2541,104,0.19244391971664698,0.16804407713498623,0.21841794569067297,0.8846153846153846,0.1814246359700905
baseline,current_live_reject,2541,104,0.17316017316017315,0.14403778040141677,0.20622786304604485,0.8653846153846154,0.15348288075560804
baseline,absolute_review,2541,104,0.0739866194411649,0.05075757575757576,0.10035419126328217,0.9134615384615384,0.0759543486816214
baseline,absolute_reject,2541,104,0.06768988587170405,0.044451003541912636,0.09445100354191263,0.9038461538461539,0.06532861078315624
different_noise_regime,current_published_review (IF active),2310,99,0.2619047619047619,0.22942640692640692,0.2961038961038961,0.898989898989899,0.2571428571428571
different_noise_regime,current_live_review,2310,99,0.20952380952380953,0.17574675324675323,0.24849567099567096,0.8686868686868687,0.19047619047619047
different_noise_regime,current_live_reject,2310,99,0.21341991341991343,0.17142857142857143,0.2597402597402597,0.797979797979798,0.16103896103896104
different_noise_regime,absolute_review,2310,99,0.09393939393939393,0.06838744588744589,0.12294372294372294,0.9292929292929293,0.10346320346320347
different_noise_regime,absolute_reject,2310,99,0.07878787878787878,0.05281385281385281,0.10607142857142857,0.9191919191919192,0.08354978354978355
higher_defect_prevalence,current_published_review (IF active),924,121,0.5681818181818182,0.37334956709956707,0.7867965367965368,0.6859504132231405,0.24675324675324675
higher_defect_prevalence,current_live_review,924,121,0.5963203463203464,0.398241341991342,0.8095238095238095,0.628099173553719,0.19155844155844157
higher_defect_prevalence,current_live_reject,924,121,0.6645021645021645,0.4458603896103896,0.9048430735930735,0.5619834710743802,0.1645021645021645
higher_defect_prevalence,absolute_review,924,121,0.13744588744588745,0.07248376623376623,0.20562770562770563,0.9090909090909091,0.13744588744588745
higher_defect_prevalence,absolute_reject,924,121,0.1634199134199134,0.08008658008658008,0.24678030303030302,0.8842975206611571,0.1277056277056277
wider_drift_exponent,current_published_review (IF active),2156,98,0.2564935064935065,0.22680890538033396,0.29129174397031543,0.8877551020408163,0.24582560296846012
wider_drift_exponent,current_live_review,2156,98,0.2054730983302412,0.17625231910946196,0.23934369202226344,0.8775510204081632,0.18970315398886828
wider_drift_exponent,current_live_reject,2156,98,0.19944341372912802,0.16094619666048238,0.24539656771799626,0.826530612244898,0.15816326530612246
wider_drift_exponent,absolute_review,2156,98,0.0640074211502783,0.04452690166975881,0.0862708719851577,0.9387755102040817,0.07884972170686456
wider_drift_exponent,absolute_reject,2156,98,0.05658627087198516,0.03710575139146568,0.07884972170686456,0.9285714285714286,0.0663265306122449
