method,family,cut,n_parts,n_defective,n_flagged,flag_rate,recall,cost_per_part,cost_per_part_ci_lo,cost_per_part_ci_hi
fixed_delta,altered_correlation,2.0749600836866153,1848,99,99,0.05357142857142857,1.0,0.0,0.0,0.0
fixed_delta,baseline,2.0875951758487106,2541,104,101,0.03974813065722157,0.9711538461538461,0.011806375442739079,0.0,0.027548209366391185
fixed_delta,different_noise_regime,1.7728934090542845,2310,99,446,0.19307359307359306,0.98989898989899,0.15497835497835497,0.09437229437229437,0.22816017316017315
fixed_delta,higher_defect_prevalence,2.1372114827105513,924,121,118,0.1277056277056277,0.9669421487603306,0.044372294372294376,0.0,0.11041666666666664
fixed_delta,wider_drift_exponent,2.0749600836866153,2156,98,95,0.04406307977736549,0.9693877551020408,0.013914656771799629,0.0,0.032467532467532464
fixed_delta,ALL (pooled),,9779,521,859,0.08784129256570201,0.9788867562380038,0.046937314653850086,0.02934349115451478,0.06954187544738726
dynamic_pat,altered_correlation,0.4869795668459471,1848,99,148,0.08008658008658008,0.9191919191919192,0.07413419913419914,0.047619047619047616,0.10336850649350648
dynamic_pat,baseline,0.4869795668459471,2541,104,192,0.0755608028335301,0.8942307692307693,0.08225108225108226,0.058234946871310506,0.10981896890987798
dynamic_pat,different_noise_regime,0.4880831123432982,2310,99,226,0.09783549783549783,0.9191919191919192,0.09307359307359307,0.06838744588744589,0.11861471861471862
dynamic_pat,higher_defect_prevalence,0.5539461983103603,924,121,106,0.11471861471861472,0.7851239669421488,0.29329004329004327,0.1839556277056277,0.4004329004329004
dynamic_pat,wider_drift_exponent,0.488724088696518,2156,98,171,0.07931354359925788,0.9489795918367347,0.059369202226345084,0.041743970315398886,0.07884972170686456
dynamic_pat,ALL (pooled),,9779,521,843,0.08620513344922794,0.8886756238003839,0.09816954698844463,0.07945597709377238,0.1184246855506698
v1f,altered_correlation,3.417873849608921,1848,99,137,0.07413419913419914,0.9292929292929293,0.06222943722943723,0.039502164502164504,0.08551136363636364
v1f,baseline,3.418576352958499,2541,104,166,0.06532861078315624,0.9038461538461539,0.06768988587170405,0.044451003541912636,0.09445100354191263
v1f,different_noise_regime,3.418576352958499,2310,99,193,0.08354978354978355,0.9191919191919192,0.07878787878787878,0.05281385281385281,0.10607142857142857
v1f,higher_defect_prevalence,3.7728431110244376,924,121,113,0.12229437229437229,0.8677685950413223,0.18181818181818182,0.08652597402597402,0.2748917748917749
v1f,wider_drift_exponent,3.440830817470269,2156,98,142,0.06586270871985157,0.9285714285714286,0.05612244897959184,0.036641929499072357,0.07839749536178107
v1f,ALL (pooled),,9779,521,751,0.076797218529502,0.9078694817658349,0.0775130381429594,0.062478269761734324,0.09316136619286226
